ID	redshift	EW(Ha) MAST	DEW(Ha) MAST	EW(Ha) JADES	DEW(Ha) JADES	EW(Hb) MAST	DEW(Hb) MAST	EW(Hb) JADES	DEW(Hb) JADES	EW([OIII]) MAST	EW([OIII]) unc MAST	EW([OIII]) JADES	EW([OIII]) unc JADES	Ha_ini	Ha_end	Hb_ini	Hb_end	[OIII]_ini	[OIII]_end
10016186	3.92792643507394	-266.20186206068615	10.05165823875903	-262.9195064982565	10.724731143954322	-41.45366757210251	7.008222178425363	-36.36345723881067	8.383728884538394	-316.32934882995096	9.288593638145286	-348.0931735995032	13.210516363721073	6510.0	6615.0	4791.0	4906.0	4923.0	5066.0
