ID	redshift	EW(Ha) MAST	EW(Ha) unc MAST	EW(Ha) JADES	EW(Ha) unc JADES	EW(Hb) MAST	EW(Hb) unc MAST	EW(Hb) JADES	EW(Hb) unc JADES	EW([OIII]) MAST	EW([OIII]) unc MAST	EW([OIII]) JADES	EW([OIII]) unc JADES
10016186	3.92792643507394	-235.5337878207197	4.110792874621442 Angstrom	-213.12369599731187	7.326290343803712 Angstrom	-49.011603888604455	3.7942210282754556 Angstrom	-30.820577086204537	6.150191972368348 Angstrom	-350.0031379684144	6.782719946273616 Angstrom	-292.860697729598	9.584386839197043 Angstrom
