ID	redshift	EW(Ha) MAST	EW(Ha) unc MAST	EW(Ha) JADES	EW(Ha) unc JADES	EW(Hb) MAST	EW(Hb) unc MAST	EW(Hb) JADES	EW(Hb) unc JADES	EW([OIII]) MAST	EW([OIII]) unc MAST	EW([OIII]) JADES	EW([OIII]) unc JADES
10016186	3.92792643507394	-261.90816034623776	6.726144998952205 Angstrom	-263.5505457787244	9.179883563788222 Angstrom	-41.96513911771302	3.615176541520136 Angstrom	-37.64908695650795	6.464975620212603 Angstrom	-313.4575719936031	5.278442654882388 Angstrom	-343.1789483167314	11.674130109105878 Angstrom
