ID	redshift	EW(Ha) MAST	EW(Ha) JADES	EW(Hb) MAST	EW(Hb) JADES	EW([OIII]) MAST	EW([OIII]) JADES
4297	6.712776	-822.4215740428928	-726.6906922440099	-81.80054763886933	-61.45212504935142	-1160.3713269821906	-1082.6700364065287
