ID	redshift	EW(Ha) MAST	EW(Ha) unc MAST	EW(Ha) JADES	EW(Ha) unc JADES	EW(Hb) MAST	EW(Hb) unc MAST	EW(Hb) JADES	EW(Hb) unc JADES	EW([OIII]) MAST	EW([OIII]) unc MAST	EW([OIII]) JADES	EW([OIII]) unc JADES
7624	4.854	-28.085603021964626	21.847413897723264 Angstrom	-66.90427884238065	26.66822741190119 Angstrom	-0.24114928951498815	15.932993654052085 Angstrom	-28.561703912987426	24.689740378772523 Angstrom	-74.10317368851265	22.70308780302062 Angstrom	-146.38706697728873	33.61391548684875 Angstrom
