ID	redshift	EW(Ha) MAST	DEW(Ha) MAST	EW(Ha) JADES	DEW(Ha) JADES	EW(Hb) MAST	DEW(Hb) MAST	EW(Hb) JADES	DEW(Hb) JADES	EW([OIII]) MAST	EW([OIII]) unc MAST	EW([OIII]) JADES	EW([OIII]) unc JADES	Ha_ini	Ha_end	Hb_ini	Hb_end	[OIII]_ini	[OIII]_end
7624	4.854	-26.790401051104652	14.000663892607752	-61.75185443363368	10.533956296369539	4.246115572907298	10.970886355858186	2.071649770615835	7.116880190687166	-79.17857642933136	31.182059219455088	-135.48441946923708	36.50307988738048	6524.0	6577.0	4793.0	4819.0	4914.0	5062.0
