ID	redshift	EW(Ha) MAST	EW(Ha) unc MAST	EW(Ha) JADES	EW(Ha) unc JADES	EW(Hb) MAST	EW(Hb) unc MAST	EW(Hb) JADES	EW(Hb) unc JADES	EW([OIII]) MAST	EW([OIII]) unc MAST	EW([OIII]) JADES	EW([OIII]) unc JADES
7624	4.854	-38.42411187403089	16.580364868072 Angstrom	-66.92242139397351	23.489121057913177 Angstrom	4.5979117905312865	7.6480024876330015 Angstrom	1.8937239247068207	6.468812146743591 Angstrom	-80.2735949058837	22.99503359051717 Angstrom	-133.69911050249442	34.93006041312774 Angstrom
