ID	redshift	EW(Ha) MAST	EW(Ha) JADES	EW(Hb) MAST	EW(Hb) JADES	EW([OIII]) MAST	EW([OIII]) JADES
7624	4.854	4.635480287893094	-62.73881216548962	-4.199697938713284	-2.909644824568228	-84.08867171987018	-86.94827951283256
