ID	redshift	EW(Ha) MAST	EW(Ha) unc MAST	EW(Ha) JADES	EW(Ha) unc JADES	EW(Hb) MAST	EW(Hb) unc MAST	EW(Hb) JADES	EW(Hb) unc JADES	EW([OIII]) MAST	EW([OIII]) unc MAST	EW([OIII]) JADES	EW([OIII]) unc JADES
18846	6.335054	-677.8584217718852	26.928124140620646 Angstrom	-704.490959794029	44.28543627971432 Angstrom	-197.6457089999654	7.667847979492216 Angstrom	-234.549483845054	15.692110654948104 Angstrom	-1216.5123202695952	19.237860873492203 Angstrom	-1314.5900030418848	31.272879805688227 Angstrom
