ID	redshift	EW(Ha) MAST	EW(Ha) JADES	EW(Hb) MAST	EW(Hb) JADES	EW([OIII]) MAST	EW([OIII]) JADES
18846	6.335054	-299.96104469013926	-297.9301599969911	-101.02061078884073	-116.82912670485038	-712.6696502510541	-740.527727715718
