ID	redshift	EW(Ha) MAST	DEW(Ha) MAST	EW(Ha) JADES	DEW(Ha) JADES	EW(Hb) MAST	DEW(Hb) MAST	EW(Hb) JADES	DEW(Hb) JADES	EW([OIII]) MAST	EW([OIII]) unc MAST	EW([OIII]) JADES	EW([OIII]) unc JADES	Ha_ini	Ha_end	Hb_ini	Hb_end	[OIII]_ini	[OIII]_end
18846	6.335054	-720.0213631013805	30.888961966840714	-783.1418509619481	44.052273050257845	-188.41163504108866	20.093948589366033	-221.42608119576673	24.257982626861963	-1295.9498451810675	46.712950866722515	-1428.2236760225642	46.19481039468872	6535.0	6615.0	4828.0	4891.0	4919.0	5043.0
