ID	redshift	EW(Ha) MAST	EW(Ha) unc MAST	EW(Ha) JADES	EW(Ha) unc JADES	EW(Hb) MAST	EW(Hb) unc MAST	EW(Hb) JADES	EW(Hb) unc JADES	EW([OIII]) MAST	EW([OIII]) unc MAST	EW([OIII]) JADES	EW([OIII]) unc JADES
10013704	5.919825	-501.8282361884733	7.036572274340595 Angstrom	-586.7199716680187	15.350256462151043 Angstrom	-165.53266329888746	10.898103740471772 Angstrom	-167.42893128915114	16.01480826555987 Angstrom	-1083.1609285088798	24.629905854886708 Angstrom	-1055.1445296546412	38.9599267798079 Angstrom
