ID	redshift	EW(Ha) MAST	EW(Ha) unc MAST	EW(Ha) JADES	EW(Ha) unc JADES	EW(Hb) MAST	EW(Hb) unc MAST	EW(Hb) JADES	EW(Hb) unc JADES	EW([OIII]) MAST	EW([OIII]) unc MAST	EW([OIII]) JADES	EW([OIII]) unc JADES
10013704	5.919825	-837.1990186780483	24.48178378473897 Angstrom	-908.1119914978209	47.873638958059956 Angstrom	-158.72571903439916	10.613393302236203 Angstrom	-152.71807634059823	16.673340210642927 Angstrom	-1026.4411054579682	18.072536425188567 Angstrom	-899.6859797908036	24.03437608386129 Angstrom
