ID	redshift	EW(Ha) MAST	EW(Ha) JADES	EW(Hb) MAST	EW(Hb) JADES	EW([OIII]) MAST	EW([OIII]) JADES
10013704	5.919825	-568.482298011562	-564.1050972444219	-56.78300732913664	-52.11043379224581	-591.3592401592134	-562.1183840412581
