ID	redshift	EW(Ha) MAST	DEW(Ha) MAST	EW(Ha) JADES	DEW(Ha) JADES	EW(Hb) MAST	DEW(Hb) MAST	EW(Hb) JADES	DEW(Hb) JADES	EW([OIII]) MAST	EW([OIII]) unc MAST	EW([OIII]) JADES	EW([OIII]) unc JADES	Ha_ini	Ha_end	Hb_ini	Hb_end	[OIII]_ini	[OIII]_end
10013704	5.919825	-771.3674169959419	29.16406974624182	-760.9621165146332	41.90625989049776	-149.1703227374641	23.635551499265393	-142.14201152073426	27.100966732436625	-1078.2231697207435	35.94872610661983	-975.344967638631	35.80737798772305	6470.0	6624.0	4820.0	4902.0	4923.0	5044.0
