ID	redshift	EW(Ha) MAST	EW(Ha) unc MAST	EW(Ha) JADES	EW(Ha) unc JADES	EW(Hb) MAST	EW(Hb) unc MAST	EW(Hb) JADES	EW(Hb) unc JADES	EW([OIII]) MAST	EW([OIII]) unc MAST	EW([OIII]) JADES	EW([OIII]) unc JADES
6002	5.93685818347379	-1514.149487538109	76.3077012542784 Angstrom	-1146.4212322099534	103.81500444206533 Angstrom	-114.17881638516573	10.76452659881375 Angstrom	-114.8102792327787	18.056033362485447 Angstrom	-955.0767959697896	38.95432146055972 Angstrom	-897.0434838345575	45.99437614243978 Angstrom
