ID	redshift	EW(Ha) MAST	EW(Ha) JADES	EW(Hb) MAST	EW(Hb) JADES	EW([OIII]) MAST	EW([OIII]) JADES
6002	5.93685818347379	-487.4226047301757	-456.8865329888279	-207.53198730480494	-191.0433776357849	-1400.2843820045453	-1226.3114382949332
