ID	redshift	EW(Ha) MAST	DEW(Ha) MAST	EW(Ha) JADES	DEW(Ha) JADES	EW(Hb) MAST	DEW(Hb) MAST	EW(Hb) JADES	DEW(Hb) JADES	EW([OIII]) MAST	EW([OIII]) unc MAST	EW([OIII]) JADES	EW([OIII]) unc JADES	Ha_ini	Ha_end	Hb_ini	Hb_end	[OIII]_ini	[OIII]_end
10000626	4.46468607001795	-824.70767057975	108.8231905454805	-852.7768850947431	110.191359437548	-138.0133137414629	70.85029620669027	-236.34259646803284	118.25834829543848	-1066.8391521239687	94.82972983598623	-1268.3757034010905	191.72168090172445	6529.0	6615.0	4789.0	4889.0	4920.0	5068.0
