ID	redshift	EW(Ha) MAST	EW(Ha) unc MAST	EW(Ha) JADES	EW(Ha) unc JADES	EW(Hb) MAST	EW(Hb) unc MAST	EW(Hb) JADES	EW(Hb) unc JADES	EW([OIII]) MAST	EW([OIII]) unc MAST	EW([OIII]) JADES	EW([OIII]) unc JADES
10000626	4.46468607001795	-1798.2894126570777	165.3779502033657 Angstrom	-1023.823944229324	141.77619509263337 Angstrom	-143.33792874185787	53.31854400912469 Angstrom	-235.7406258657164	100.03027375687914 Angstrom	-1049.0445665017908	72.74240666585148 Angstrom	-1271.6313785484592	171.87045075901312 Angstrom
