ID	redshift	EW(Ha) MAST	DEW(Ha) MAST	EW(Ha) JADES	DEW(Ha) JADES	EW(Hb) MAST	DEW(Hb) MAST	EW(Hb) JADES	DEW(Hb) JADES	EW([OIII]) MAST	EW([OIII]) unc MAST	EW([OIII]) JADES	EW([OIII]) unc JADES	Ha_ini	Ha_end	Hb_ini	Hb_end	[OIII]_ini	[OIII]_end
8079	7.258982					-21.27253347497263	61.10853628787392	3.4659571369908106	74.02573427127867	-190.7712781825212	88.69927554561411	-153.235853438902	108.71858029736987	6510.0	6620.0	4815.0	4910.0	4918.0	5060.0
