ID	redshift	EW(Ha) MAST	EW(Ha) JADES	EW(Hb) MAST	EW(Hb) JADES	EW([OIII]) MAST	EW([OIII]) JADES
3334	6.70593	-570.5402489964929	-509.39870906293754	-54.86132512177123	-1.7017106942091598	-749.9274900993942	-683.5228751874392
