ID	redshift	EW(Ha) MAST	DEW(Ha) MAST	EW(Ha) JADES	DEW(Ha) JADES	EW(Hb) MAST	DEW(Hb) MAST	EW(Hb) JADES	DEW(Hb) JADES	EW([OIII]) MAST	EW([OIII]) unc MAST	EW([OIII]) JADES	EW([OIII]) unc JADES	Ha_ini	Ha_end	Hb_ini	Hb_end	[OIII]_ini	[OIII]_end
3334	6.70593	-3817.3075591023016	1385.6778106684533	-407.54624722428923	105.14620299564118	-28.82248459257276	519.1895676024988	49.896422578591455	255.31386925970412	-1183.852349095473	169.1492164968304	-1036.8323573834552	79.24130861757078	6523.0	6602.0	4483.0	4874.0	4922.0	5031.0
