ID	redshift	EW(Ha) MAST	EW(Ha) unc MAST	EW(Ha) JADES	EW(Ha) unc JADES	EW(Hb) MAST	EW(Hb) unc MAST	EW(Hb) JADES	EW(Hb) unc JADES	EW([OIII]) MAST	EW([OIII]) unc MAST	EW([OIII]) JADES	EW([OIII]) unc JADES
3334	6.70593	-427.34756770939737	153.53336015839525 Angstrom	-381.28043761205197	118.90513375339071 Angstrom	-39.09082977714954	441.8388619143832 Angstrom	50.199602525233836	221.60906986044384 Angstrom	-1643.9118005260912	224.16984456124231 Angstrom	-1058.7804051296193	88.7480207417508 Angstrom
