ID	redshift	EW(Ha) MAST	DEW(Ha) MAST	EW(Ha) JADES	DEW(Ha) JADES	EW(Hb) MAST	DEW(Hb) MAST	EW(Hb) JADES	DEW(Hb) JADES	EW([OIII]) MAST	EW([OIII]) unc MAST	EW([OIII]) JADES	EW([OIII]) unc JADES	Ha_ini	Ha_end	Hb_ini	Hb_end	[OIII]_ini	[OIII]_end
10013545	4.03498294164463	-420.79466903332343	23.326743467790248	-467.33982673590714	55.47072663062581	-87.06473847473802	14.06973082841772	-248.7215118370943	69.47495839914575	-685.5815456055433	17.464819169988356	-694.9333455771294	92.0876841006066	6510.0	6636.0	4782.0	4903.0	4919.0	5088.0
