ID	redshift	EW(Ha) MAST	EW(Ha) unc MAST	EW(Ha) JADES	EW(Ha) unc JADES	EW(Hb) MAST	EW(Hb) unc MAST	EW(Hb) JADES	EW(Hb) unc JADES	EW([OIII]) MAST	EW([OIII]) unc MAST	EW([OIII]) JADES	EW([OIII]) unc JADES
10013545	4.03498294164463	-412.2193316795532	15.344116323634378 Angstrom	-471.85764335872057	47.28709416289848 Angstrom	-88.20262459434372	9.466110153524491 Angstrom	-234.64601053081327	30.318896368931398 Angstrom	-679.9276718405583	14.019749783576243 Angstrom	-708.0222283032555	48.533441525034526 Angstrom
