ID	redshift	EW(Ha) MAST	EW(Ha) JADES	EW(Hb) MAST	EW(Hb) JADES	EW([OIII]) MAST	EW([OIII]) JADES
19342	5.974287	-209.3399002884678	-270.78613468538447	-127.18840772842933	-125.45515159354912	-691.4184493626425	-864.6249915238942
