ID	redshift	EW(Ha) MAST	EW(Ha) unc MAST	EW(Ha) JADES	EW(Ha) unc JADES	EW(Hb) MAST	EW(Hb) unc MAST	EW(Hb) JADES	EW(Hb) unc JADES	EW([OIII]) MAST	EW([OIII]) unc MAST	EW([OIII]) JADES	EW([OIII]) unc JADES
19342	5.974287	-471.5701312522401	28.808913218025403 Angstrom	-696.2363216745048	64.30021173341109 Angstrom	-140.68870273844033	10.250050956983227 Angstrom	-202.35517318713283	28.587392058889666 Angstrom	-957.1384921148415	34.89396246054758 Angstrom	-1651.2261518591326	86.87397538468538 Angstrom
