ID	redshift	EW(Ha) MAST	EW(Ha) unc MAST	EW(Ha) JADES	EW(Ha) unc JADES	EW(Hb) MAST	EW(Hb) unc MAST	EW(Hb) JADES	EW(Hb) unc JADES	EW([OIII]) MAST	EW([OIII]) unc MAST	EW([OIII]) JADES	EW([OIII]) unc JADES
19342	5.974287	-544.1499113711089	42.794448317707996 Angstrom	-829.9448409338943	106.59808656382818 Angstrom	-184.44563844631426	21.109977789632083 Angstrom	-318.5256957949472	60.977891967283604 Angstrom	-1042.8147769197292	37.69465442369848 Angstrom	-1998.6520153179283	113.1182127904892 Angstrom
