ID	redshift	EW(Ha) MAST	DEW(Ha) MAST	EW(Ha) JADES	DEW(Ha) JADES	EW(Hb) MAST	DEW(Hb) MAST	EW(Hb) JADES	DEW(Hb) JADES	EW([OIII]) MAST	EW([OIII]) unc MAST	EW([OIII]) JADES	EW([OIII]) unc JADES	Ha_ini	Ha_end	Hb_ini	Hb_end	[OIII]_ini	[OIII]_end
10035295	3.58892350772953	-1230.2592936533329	30.839720088522647	-1031.0057889612533	29.785352269420887	-154.35880892312036	36.342986507444216	-153.07929887667265	35.04380498162993	-1795.183257523735	59.94641797464524	-1715.9839019245414	46.789283283795704	6492.0	6627.0	4757.0	4874.0	4896.0	5086.0
