ID	redshift	EW(Ha) MAST	EW(Ha) unc MAST	EW(Ha) JADES	EW(Ha) unc JADES	EW(Hb) MAST	EW(Hb) unc MAST	EW(Hb) JADES	EW(Hb) unc JADES	EW([OIII]) MAST	EW([OIII]) unc MAST	EW([OIII]) JADES	EW([OIII]) unc JADES
10035295	3.58892350772953	-1167.0260025133277	18.1708535129288 Angstrom	-965.2012692484578	25.614599148558632 Angstrom	-98.18706529633685	6.574108190257833 Angstrom	-153.34654012071445	14.459542636775824 Angstrom	-1197.149062281483	15.555778743382758 Angstrom	-1369.3275290529457	28.424837909181417 Angstrom
