ID	redshift	EW(Ha) MAST	EW(Ha) unc MAST	EW(Ha) JADES	EW(Ha) unc JADES	EW(Hb) MAST	EW(Hb) unc MAST	EW(Hb) JADES	EW(Hb) unc JADES	EW([OIII]) MAST	EW([OIII]) unc MAST	EW([OIII]) JADES	EW([OIII]) unc JADES
10035295	3.58892350772953	-1299.8742618802312	23.266045543923717 Angstrom	-1048.244310700229	34.37907065859579 Angstrom	-167.34239281408276	13.284137999300127 Angstrom	-165.21147653722775	25.636739955090196 Angstrom	-1725.9675729097285	25.676371660331615 Angstrom	-1681.8918640408679	41.545262288133465 Angstrom
