ID	redshift	EW(Ha) MAST	EW(Ha) unc MAST	EW(Ha) JADES	EW(Ha) unc JADES	EW(Hb) MAST	EW(Hb) unc MAST	EW(Hb) JADES	EW(Hb) unc JADES	EW([OIII]) MAST	EW([OIII]) unc MAST	EW([OIII]) JADES	EW([OIII]) unc JADES
18976	6.327052	-389.9533793880921	29.247668373901572 Angstrom	-548.4704269886677	71.82959228987578 Angstrom	-82.07447417969462	7.923805647966359 Angstrom	-167.963381972469	32.45850948672543 Angstrom	-545.2645897501458	24.86702647668924 Angstrom	-1070.8927277867979	81.91550592788094 Angstrom
