ID	redshift	EW(Ha) MAST	EW(Ha) unc MAST	EW(Ha) JADES	EW(Ha) unc JADES	EW(Hb) MAST	EW(Hb) unc MAST	EW(Hb) JADES	EW(Hb) unc JADES	EW([OIII]) MAST	EW([OIII]) unc MAST	EW([OIII]) JADES	EW([OIII]) unc JADES
10005217	4.8883230178694	-3011.0929015578313	48.61651407677304 Angstrom	-6515.643973019502	152.86804523330082 Angstrom	-674.4891229435702	34.36468572238425 Angstrom	-1249.801627201877	94.86344097777331 Angstrom	-2601.735741317064	48.08626834673394 Angstrom	-3826.5969312836264	113.08790211868438 Angstrom
