ID	redshift	EW(Ha) MAST	DEW(Ha) MAST	EW(Ha) JADES	DEW(Ha) JADES	EW(Hb) MAST	DEW(Hb) MAST	EW(Hb) JADES	DEW(Hb) JADES	EW([OIII]) MAST	EW([OIII]) unc MAST	EW([OIII]) JADES	EW([OIII]) unc JADES	Ha_ini	Ha_end	Hb_ini	Hb_end	[OIII]_ini	[OIII]_end
10005217	4.8883230178694	-2623.352094845889	54.998549813712664	-2726.65404817813	60.868978014024734	-567.6924157725043	81.57514503138903	-932.4498926080219	141.64032828234068	-3142.632234526023	137.15667394413788	-4883.988985212067	230.82355542299445	6517.0	6603.0	4803.0	4892.0	4907.0	5060.0
