ID	redshift	EW(Ha) MAST	EW(Ha) unc MAST	EW(Ha) JADES	EW(Ha) unc JADES	EW(Hb) MAST	EW(Hb) unc MAST	EW(Hb) JADES	EW(Hb) unc JADES	EW([OIII]) MAST	EW([OIII]) unc MAST	EW([OIII]) JADES	EW([OIII]) unc JADES
7892	4.22872754610498	-907.5989502773199	16.831892391770445 Angstrom	-919.9853491547108	32.274586002689475 Angstrom	-30.333025194087142	5.3079578508434295 Angstrom	-35.169336693657904	12.857980237302945 Angstrom	-1042.0251538661737	18.43794063070726 Angstrom	-1016.7334703836741	30.0626933244667 Angstrom
