ID	redshift	EW(Ha) MAST	EW(Ha) JADES	EW(Hb) MAST	EW(Hb) JADES	EW([OIII]) MAST	EW([OIII]) JADES
7892	4.22872754610498	-821.3556845811904	-771.1261570724595	-161.3754925246874	-143.32874960312625	-1341.7614426125915	-1205.437520882276
