ID	redshift	EW(Ha) MAST	EW(Ha) unc MAST	EW(Ha) JADES	EW(Ha) unc JADES	EW(Hb) MAST	EW(Hb) unc MAST	EW(Hb) JADES	EW(Hb) unc JADES	EW([OIII]) MAST	EW([OIII]) unc MAST	EW([OIII]) JADES	EW([OIII]) unc JADES
7892	4.22872754610498	-891.9884828480617	19.982615847460703 Angstrom	-946.0684125836426	33.06928327880766 Angstrom	-101.80237620269033	5.4480322277494455 Angstrom	-104.39342743064049	11.387821295100872 Angstrom	-984.9516325171376	12.769293906905695 Angstrom	-1056.516339270455	26.091910365348884 Angstrom
