ID	redshift	EW(Ha) MAST	EW(Ha) unc MAST	EW(Ha) JADES	EW(Ha) unc JADES	EW(Hb) MAST	EW(Hb) unc MAST	EW(Hb) JADES	EW(Hb) unc JADES	EW([OIII]) MAST	EW([OIII]) unc MAST	EW([OIII]) JADES	EW([OIII]) unc JADES
10016374	5.50325569707072	-859.5820726673098	35.94184425571179 Angstrom	-982.0045018601205	71.29866228134513 Angstrom	-168.20369740887745	13.126837074065193 Angstrom	-155.0112777006458	21.476629727505706 Angstrom	-1391.1656381690773	22.660417842516736 Angstrom	-1344.2943519175542	40.47635549117959 Angstrom
