ID	redshift	EW(Ha) MAST	DEW(Ha) MAST	EW(Ha) JADES	DEW(Ha) JADES	EW(Hb) MAST	DEW(Hb) MAST	EW(Hb) JADES	DEW(Hb) JADES	EW([OIII]) MAST	EW([OIII]) unc MAST	EW([OIII]) JADES	EW([OIII]) unc JADES	Ha_ini	Ha_end	Hb_ini	Hb_end	[OIII]_ini	[OIII]_end
10016374	5.50325569707072	-745.1284533940516	31.03817697608301	-786.4961442237825	51.19329621839197	-156.83144730475607	28.599323767706615	-138.79088232990495	30.128790609958195	-1468.0606826568767	43.52739452311797	-1434.032776390751	52.82554048890414	6506.0	6614.0	4825.0	4904.0	4923.0	5059.0
