ID	redshift	EW(Ha) MAST	EW(Ha) JADES	EW(Hb) MAST	EW(Hb) JADES	EW([OIII]) MAST	EW([OIII]) JADES
10016374	5.50325569707072	-391.9805112721563	-378.6066228868989	-47.09373899540648	-53.396451791308216	-761.2336313110275	-759.5038284406997
