ID	redshift	EW(Ha) MAST	EW(Ha) JADES	EW(Hb) MAST	EW(Hb) JADES	EW([OIII]) MAST	EW([OIII]) JADES
17566	6.101534	-203.0860344222787	-219.83522405239103	-31.909980923505678	-27.267755776699858	-374.6556187278741	-344.59326654626955
