ID	redshift	EW(Ha) MAST	EW(Ha) unc MAST	EW(Ha) JADES	EW(Ha) unc JADES	EW(Hb) MAST	EW(Hb) unc MAST	EW(Hb) JADES	EW(Hb) unc JADES	EW([OIII]) MAST	EW([OIII]) unc MAST	EW([OIII]) JADES	EW([OIII]) unc JADES
17566	6.101534	-329.51797944136206	17.904752797715897 Angstrom	-389.50071485392016	36.04993464977628 Angstrom	-49.65508966574964	8.193364742104697 Angstrom	-63.83796107426784	14.460004101160207 Angstrom	-459.4467574012307	16.04442780231326 Angstrom	-494.94162672712594	26.826524037982644 Angstrom
