ID	redshift	EW(Ha) MAST	EW(Ha) unc MAST	EW(Ha) JADES	EW(Ha) unc JADES	EW(Hb) MAST	EW(Hb) unc MAST	EW(Hb) JADES	EW(Hb) unc JADES	EW([OIII]) MAST	EW([OIII]) unc MAST	EW([OIII]) JADES	EW([OIII]) unc JADES
17566	6.101534	-339.63272721647405	21.4366963182029 Angstrom	-405.7295245025932	40.98081603569788 Angstrom	-46.602996090571466	7.982709035822094 Angstrom	-62.7422908922874	14.334705952978522 Angstrom	-427.23677196497596	13.388137883803354 Angstrom	-476.75589826090277	24.040770922913758 Angstrom
