ID	redshift	EW(Ha) MAST	DEW(Ha) MAST	EW(Ha) JADES	DEW(Ha) JADES	EW(Hb) MAST	DEW(Hb) MAST	EW(Hb) JADES	DEW(Hb) JADES	EW([OIII]) MAST	EW([OIII]) unc MAST	EW([OIII]) JADES	EW([OIII]) unc JADES	Ha_ini	Ha_end	Hb_ini	Hb_end	[OIII]_ini	[OIII]_end
17566	6.101534	-359.722177977702	24.116124483266304	-444.279487609361	31.732386224927385	-49.51252437141312	11.273133666159925	-63.70563359208657	15.692577047521144	-460.32264419631474	19.495946904161976	-495.6957696993876	27.786819887831545	6542.0	6601.0	4836.0	4887.0	4936.0	5051.0
