ID	redshift	EW(Ha) MAST	EW(Ha) JADES	EW(Hb) MAST	EW(Hb) JADES	EW([OIII]) MAST	EW([OIII]) JADES
5329	3.5873007444784	-69.77073876891869	-62.370521449676225	-18.257030101637206	-21.620779186659725	-73.68405081692312	-67.1664401236178
