ID	redshift	EW(Ha) MAST	EW(Ha) JADES	EW(Hb) MAST	EW(Hb) JADES	EW([OIII]) MAST	EW([OIII]) JADES
7762	4.14863310108243	-376.3444538287275	-354.052645974079	-60.991014081536406	-62.86313060542563	-560.1405661815597	-592.0400928371657
