ID	redshift	EW(Ha) MAST	EW(Ha) JADES	EW(Hb) MAST	EW(Hb) JADES	EW([OIII]) MAST	EW([OIII]) JADES
3184	3.46762	-325.9558342714319	-335.2105935477422	-37.812918640379685	-44.49152355606947	-398.49095028568195	-522.5068121406381
3334	6.70593	708.9348164592424	3770.213984517272	-106.90374378603538	-35.88889301319259	-1080.8998996741998	-1024.5235396809662
4197	3.748809	-169.08216384009273	-353.6089471159295	-23.22873723970028	14.69817273449405	8.915245534821619	-38.438067336492594
4270	4.02261238702772	-988.6794168708836	-1168.3120995058302	-132.3523265977071	-128.7322982109069	-1155.9247226463901	-1462.308647308113
4297	6.712776	-6209.236439675278	584.4965042338688	-299.96204136137084	-202.90303159579292	-3217.6140416408243	-2452.1338319285974
4404	5.763688	-1224.3493779139335	-1310.6265219496734	-179.35889485986888	-194.76783156040665	-1370.5094236076577	-1315.813630344043
5329	3.5873007444784	-61.85364594996501	-57.05451871548169	-21.94269858404396	-26.07625914603334	-78.93155696272188	-75.26474412332153
