ID	redshift	EW(Ha) MAST	EW(Ha) JADES	EW(Hb) MAST	EW(Hb) JADES	EW([OIII]) MAST	EW([OIII]) JADES
10005217	4.8883230178694	-996.5563131891415	-951.1462726561585	-151.327204485018	-159.64093399573525	-910.802804715551	-937.543374940906
