ID	redshift	EW(Ha) MAST	EW(Ha) JADES	EW(Hb) MAST	EW(Hb) JADES	EW([OIII]) MAST	EW([OIII]) JADES
4197	3.748809	-152.77944548345104	-339.60550224648136	-35.51304475939459	7.290749085120854	-3.4282562142476762	-54.747145868110294
