ID	redshift	EW(Ha) MAST	EW(Ha) JADES	EW(Hb) MAST	EW(Hb) JADES	EW([OIII]) MAST	EW([OIII]) JADES
9452	5.12243857379367	-369.8295306923603	-385.86463830281957	-13.513916004596789	-26.265431021621218	-641.330188550274	-468.8884539247337
