ID	redshift	EW(Ha) MAST	EW(Ha) JADES	EW(Hb) MAST	EW(Hb) JADES	EW([OIII]) MAST	EW([OIII]) JADES
3184	3.46762	-325.9558342714319	-335.2105935477422	-37.812918640379685	-44.49152355606947	-398.49095028568195	-522.5068121406381
3334	6.70593	708.9348164592424	3770.213984517272	-106.90374378603538	-35.88889301319259	-1080.8998996741998	-1024.5235396809662
4197	3.748809	-169.08216384009273	-353.6089471159295	-23.22873723970028	14.69817273449405	8.915245534821619	-38.438067336492594
