ID	redshift	EW(Ha) MAST	EW(Ha) JADES	EW(Hb) MAST	EW(Hb) JADES	EW([OIII]) MAST	EW([OIII]) JADES
3184	3.46762	-385.68453542301836	-391.71053972169034	-39.78106222801958	-45.66585224959203	-412.08898277544824	-533.9587129192663
4270	4.02261238702772	-1063.4625697126437	-1239.98554037681	-151.82934017730219	-160.3563065332155	-1273.3062040743182	-1714.9584507618802
4404	5.763688	-966.996897173638	-876.981838187912	-264.9885172360904	-299.99495372930176	-1857.7403251352105	-1855.0476709297902
5759	5.05189382127941	-595.8385771218232	-710.1659640272482	-189.7841377483653	-209.7814350167091	-1252.6202424813675	-1388.9052284596323
6002	5.93685818347379	-487.4226047301757	-456.8865329888279	-207.53198730480494	-191.0433776357849	-1400.2843820045453	-1226.3114382949332
7507	4.04428024657048	-1155.9211594616113	-1493.8013425926363	-141.632476423015	-163.41782514842382	-918.8193754927577	-1066.010648757049
7624	4.854	4.635480287893094	-62.73881216548962	-4.199697938713284	-2.909644824568228	-84.08867171987018	-86.94827951283256
