ID	redshift	EW(Ha) MAST	EW(Ha) JADES	EW(Hb) MAST	EW(Hb) JADES	EW([OIII]) MAST	EW([OIII]) JADES
16745	5.56655234405774	-251.55089348843296	-219.74881081948618	-44.99271931878462	-42.49073245082522	-559.1151124911077	-552.4841261990705
