ID	redshift	EW(Ha) MAST	EW(Ha) JADES	EW(Hb) MAST	EW(Hb) JADES	EW([OIII]) MAST	EW([OIII]) JADES
7809	3.57819206358422	-798.0573747882485	-541.9061148563095	-147.25464579835347	-69.59258635827747	-806.188577618047	-576.0129770716222
