ID	redshift	EW(Ha) MAST	EW(Ha) JADES	EW(Hb) MAST	EW(Hb) JADES	EW([OIII]) MAST	EW([OIII]) JADES
7938	4.80631123887867	-528.4042556043939	-504.499802440319	-70.97833880410036	-61.227435978235974	-932.5010187496524	-863.5348307522212
