ID	redshift	EW(Ha) MAST	EW(Ha) JADES	EW(Hb) MAST	EW(Hb) JADES	EW([OIII]) MAST	EW([OIII]) JADES
8083	4.6487198664651	-663.8905655086483	-643.5460450010016	-58.4227375905238	-60.89482404069902	-1086.4970645747617	-1080.5869594364788
