ID	redshift	EW(Ha) MAST	EW(Ha) JADES	EW(Hb) MAST	EW(Hb) JADES	EW([OIII]) MAST	EW([OIII]) JADES
4270	4.02261238702772	-668.3333798745758	-746.8540758103646	-69.69049858017652	-68.61699867208847	-786.8226097339485	-986.3532659840125
