ID	redshift	EW(Ha) MAST	EW(Ha) JADES	EW(Hb) MAST	EW(Hb) JADES	EW([OIII]) MAST	EW([OIII]) JADES
18976	6.327052	-217.50196976483252	-357.76304063778196	-75.77825003274117	-79.06596304967321	-541.233607783886	-630.2439996145192
