ID	redshift	EW(Ha) MAST	EW(Ha) JADES	EW(Hb) MAST	EW(Hb) JADES	EW([OIII]) MAST	EW([OIII]) JADES
10056849	5.8142066790736	-697.9596262800197	-589.1577816125445	-127.91876916996434	-122.93674190992708	-778.2538724827523	-755.7793979413829
