ID	redshift	EW(Ha) MAST	EW(Ha) JADES	EW(Hb) MAST	EW(Hb) JADES	EW([OIII]) MAST	EW([OIII]) JADES
10013545	4.03498294164463	-278.91715383271736	-285.4361252131432	-36.26487387681237	-114.7495605954538	-383.95124502688293	-414.37073310240874
