ID	redshift	EW(Ha) MAST	EW(Ha) JADES	EW(Hb) MAST	EW(Hb) JADES	EW([OIII]) MAST	EW([OIII]) JADES
18028	3.73094591607022	-141.2122060985028	-310.0238926198703	-29.52163934807899	-180.59537266087546	-146.8143658153448	-773.6105396282439
