ID	redshift	EW(Ha) MAST	EW(Ha) JADES	EW(Hb) MAST	EW(Hb) JADES	EW([OIII]) MAST	EW([OIII]) JADES
7624	4.854	17.915619552712464	-34.140532553307956	-18.48953563350543	-16.27625937506951	-117.36707917200549	-112.93480441286984
