ID	redshift	EW(Ha) MAST	EW(Ha) JADES	EW(Hb) MAST	EW(Hb) JADES	EW([OIII]) MAST	EW([OIII]) JADES
17777	4.13366013096712	-265.11414334411865	-226.4283569764873	-71.23203734293492	-68.62477012421911	-590.3430832814706	-538.1864861763556
