ID	redshift	EW(Ha) MAST	EW(Ha) JADES	EW(Hb) MAST	EW(Hb) JADES	EW([OIII]) MAST	EW([OIII]) JADES
10000626	4.46468607001795	-491.23922535948725	-474.2736382885946	-85.40457852642443	-81.91435474280695	-660.482674718993	-593.7055262195478
