ID	redshift	EW(Ha) MAST	EW(Ha) JADES	EW(Hb) MAST	EW(Hb) JADES	EW([OIII]) MAST	EW([OIII]) JADES
19606	5.88913558713673	-4792.922763222119	-839.3509301674621	-87.2599338250028	-123.67710871220896	-871.2797386872273	-1150.2247143280604
