ID	redshift	EW(Ha) MAST	EW(Ha) JADES	EW(Hb) MAST	EW(Hb) JADES	EW([OIII]) MAST	EW([OIII]) JADES
10013704	5.919825	-383.9552752927025	-363.9245107102548	-81.053454200141	-77.6798288243839	-656.9984702602684	-620.8124275499052
