ID	redshift	EW(Ha) MAST	EW(Ha) JADES	EW(Hb) MAST	EW(Hb) JADES	EW([OIII]) MAST	EW([OIII]) JADES
9422	5.935895	-601.2998204048248	-522.10561490479	-108.27427956022382	-91.60237239116341	-1079.6015129962293	-1033.3988114611432
