ID	redshift	EW(Ha) MAST	EW(Ha) JADES	EW(Hb) MAST	EW(Hb) JADES	EW([OIII]) MAST	EW([OIII]) JADES
18090	4.77562372049334	-544.4691795399117	-561.2226119609719	-48.97739186251951	-43.19935940504029	-870.9428999345374	-862.8620109914224
