ID	redshift	EW(Ha) MAST	DEW(Ha) MAST	EW(Ha) JADES	DEW(Ha) JADES	EW(Hb) MAST	DEW(Hb) MAST	EW(Hb) JADES	DEW(Hb) JADES	EW([OIII]) MAST	EW([OIII]) unc MAST	EW([OIII]) JADES	EW([OIII]) unc JADES	Ha_ini	Ha_end	Hb_ini	Hb_end	[OIII]_ini	[OIII]_end
18970	3.72458828704365			-192.44976046523394	10.380143815378851			-23.389457112221088	5.099180954611128			-256.03384801127856	9.831598173809851	6535.0	6615.0	4828.0	4891.0	4919.0	5043.0
