ID	redshift	EW(Ha) MAST	EW(Ha) unc MAST	EW(Ha) JADES	EW(Ha) unc JADES	EW(Hb) MAST	EW(Hb) unc MAST	EW(Hb) JADES	EW(Hb) unc JADES	EW([OIII]) MAST	EW([OIII]) unc MAST	EW([OIII]) JADES	EW([OIII]) unc JADES
10009693	6.28599376348805	-318.9568287532604	174.64163372927692 Angstrom	-428.7589227556661	566.4464956024746 Angstrom	-201.7419717138937	216.88724298193668 Angstrom	-37.178002077246276	116.63252416095472 Angstrom	-2013.7109604853995	334.0477507445396 Angstrom	-653.1362610916709	215.5443213924367 Angstrom
