ID	redshift	EW(Ha) MAST	EW(Ha) JADES	EW(Hb) MAST	EW(Hb) JADES	EW([OIII]) MAST	EW([OIII]) JADES
10009693	6.28599376348805	-493.9982188028391	-2466.3065458231163	44.9864480315083	29.00684254566752	-1989.4731140543086	-1377.991562141996
