ID	redshift	EW(Ha) MAST	DEW(Ha) MAST	EW(Ha) JADES	DEW(Ha) JADES	EW(Hb) MAST	DEW(Hb) MAST	EW(Hb) JADES	DEW(Hb) JADES	EW([OIII]) MAST	EW([OIII]) unc MAST	EW([OIII]) JADES	EW([OIII]) unc JADES	Ha_ini	Ha_end	Hb_ini	Hb_end	[OIII]_ini	[OIII]_end
10009693	6.28599376348805	-2134.802411370351	1084.8753511302043	-2386.9643440036234	101695.72572161707	-166.99381036237378	222.75399765728727	-23.639068140009172	95.81018725920912	-2472.768022696396	415.56712752731585	-852.7966822895839	214.53678283617094	6510.0	6621.0	4850.0	4896.0	4941.0	5034.0
