ID	redshift	EW(Ha) MAST	EW(Ha) JADES	EW(Hb) MAST	EW(Hb) JADES	EW([OIII]) MAST	EW([OIII]) JADES
5759	5.05189382127941	-595.8385771218232	-710.1659640272482	-189.7841377483653	-209.7814350167091	-1252.6202424813675	-1388.9052284596323
