ID	redshift	EW(Ha) MAST	DEW(Ha) MAST	EW(Ha) JADES	DEW(Ha) JADES	EW(Hb) MAST	DEW(Hb) MAST	EW(Hb) JADES	DEW(Hb) JADES	EW([OIII]) MAST	EW([OIII]) unc MAST	EW([OIII]) JADES	EW([OIII]) unc JADES	Ha_ini	Ha_end	Hb_ini	Hb_end	[OIII]_ini	[OIII]_end
5759	5.05189382127941	-583.2033190290592	38.12374924000884	-967.0701715009777	83.65347711318982	-119.11957884480218	50.36736580430945	-154.01523275718802	42.93756740878246	-963.2796511730662	90.8266492169879	-1056.208396876374	78.9668897964668	6516.0	6595.0	4801.0	4883.0	4896.0	5043.0
