ID	redshift	EW(Ha) MAST	EW(Ha) JADES	EW(Hb) MAST	EW(Hb) JADES	EW([OIII]) MAST	EW([OIII]) JADES
5759	5.05189382127941	-378.35923205537466	-432.49750115889486	-72.42694316367863	-76.26989200933288	-642.801138083517	-660.0970748158015
