ID	redshift	EW(Ha) MAST	EW(Ha) unc MAST	EW(Ha) JADES	EW(Ha) unc JADES	EW(Hb) MAST	EW(Hb) unc MAST	EW(Hb) JADES	EW(Hb) unc JADES	EW([OIII]) MAST	EW([OIII]) unc MAST	EW([OIII]) JADES	EW([OIII]) unc JADES
5759	5.05189382127941	-469.97094492140025	28.75461379511041 Angstrom	-591.4294285385465	61.37413467027315 Angstrom	-124.57587567446815	31.50803528870897 Angstrom	-154.77866288095333	54.47878070883924 Angstrom	-937.515399191296	57.58851276995834 Angstrom	-1051.3181345339883	100.02880513492183 Angstrom
