ID	redshift	EW(Ha) MAST	EW(Ha) unc MAST	EW(Ha) JADES	EW(Ha) unc JADES	EW(Hb) MAST	EW(Hb) unc MAST	EW(Hb) JADES	EW(Hb) unc JADES	EW([OIII]) MAST	EW([OIII]) unc MAST	EW([OIII]) JADES	EW([OIII]) unc JADES
7938	4.80631123887867	-643.8246669491724	15.455223865547797 Angstrom	-661.1284573133735	28.105441849426775 Angstrom	-112.51190260411559	8.919902681925684 Angstrom	-93.84566647499452	10.464622338242087 Angstrom	-1110.3956151236841	16.101204207176742 Angstrom	-1040.9931879789806	22.52059428711177 Angstrom
