ID	redshift	EW(Ha) MAST	DEW(Ha) MAST	EW(Ha) JADES	DEW(Ha) JADES	EW(Hb) MAST	DEW(Hb) MAST	EW(Hb) JADES	DEW(Hb) JADES	EW([OIII]) MAST	EW([OIII]) unc MAST	EW([OIII]) JADES	EW([OIII]) unc JADES	Ha_ini	Ha_end	Hb_ini	Hb_end	[OIII]_ini	[OIII]_end
7938	4.80631123887867	-705.1487020199847	18.020600432212824	-685.8273201070357	20.070125809729916	-104.9184657707941	20.00438298554552	-87.72193316459061	17.878169421289364	-1148.6415612792598	30.25230523057502	-1083.4630859043868	32.189649990090835	6510.0	6608.0	4821.0	4901.0	4918.0	5060.0
