ID	redshift	EW(Ha) MAST	EW(Ha) unc MAST	EW(Ha) JADES	EW(Ha) unc JADES	EW(Hb) MAST	EW(Hb) unc MAST	EW(Hb) JADES	EW(Hb) unc JADES	EW([OIII]) MAST	EW([OIII]) unc MAST	EW([OIII]) JADES	EW([OIII]) unc JADES
7938	4.80631123887867	-655.5625246748795	18.412358651038584 Angstrom	-687.1778784115967	31.907157388702046 Angstrom	-86.224175291586	6.437534094890357 Angstrom	-70.69706155686936	10.091915183218262 Angstrom	-1062.7386675919754	15.490506093082995 Angstrom	-1030.7668367765768	24.232468264714583 Angstrom
