ID	redshift	EW(Ha) MAST	DEW(Ha) MAST	EW(Ha) JADES	DEW(Ha) JADES	EW(Hb) MAST	DEW(Hb) MAST	EW(Hb) JADES	DEW(Hb) JADES	EW([OIII]) MAST	EW([OIII]) unc MAST	EW([OIII]) JADES	EW([OIII]) unc JADES	Ha_ini	Ha_end	Hb_ini	Hb_end	[OIII]_ini	[OIII]_end
7809	3.57819206358422	-288.4794751509068	11.12599478183309	-270.9590551496718	12.015581567179137	-29.784646656978488	3.4227160225150968	-22.350137009537836	10.15853030262384	-390.64344853085106	6.814433851334139	-375.77449918792945	17.54742220738187	6506.0	6615.0	4809.0	4897.0	4927.0	5077.0
