ID	redshift	EW(Ha) MAST	EW(Ha) JADES	EW(Hb) MAST	EW(Hb) JADES	EW([OIII]) MAST	EW([OIII]) JADES
17260	4.88512714601353	-243.60241921034338	-254.24843272605793	-21.099778625454512	-35.14366373257238	-126.91616825261696	-156.45155890235603
