ID	redshift	EW(Ha) MAST	EW(Ha) unc MAST	EW(Ha) JADES	EW(Ha) unc JADES	EW(Hb) MAST	EW(Hb) unc MAST	EW(Hb) JADES	EW(Hb) unc JADES	EW([OIII]) MAST	EW([OIII]) unc MAST	EW([OIII]) JADES	EW([OIII]) unc JADES
17260	4.88512714601353	-240.4536817396138	23.099885207024784 Angstrom	-322.15873713040526	41.336443877433176 Angstrom	-18.8015584264546	6.37306280598603 Angstrom	-33.11874653045888	13.506939546143585 Angstrom	-97.94963371817717	13.028102029826599 Angstrom	-139.17670769870142	23.311207262096854 Angstrom
