ID	redshift	EW(Ha) MAST	DEW(Ha) MAST	EW(Ha) JADES	DEW(Ha) JADES	EW(Hb) MAST	DEW(Hb) MAST	EW(Hb) JADES	DEW(Hb) JADES	EW([OIII]) MAST	EW([OIII]) unc MAST	EW([OIII]) JADES	EW([OIII]) unc JADES	Ha_ini	Ha_end	Hb_ini	Hb_end	[OIII]_ini	[OIII]_end
17260	4.88512714601353	-291.67672975438575	26.926008974562365	-336.96995113254866	37.769416366977495	-18.417435361427305	8.639180462600814	-31.688455228628815	12.443746926183538	-98.97029450672723	17.075647400962993	-142.68679943399616	21.7599178416366	6530.0	6605.0	4827.0	4892.0	4938.0	5040.0
