ID	redshift	EW(Ha) MAST	EW(Ha) JADES	EW(Hb) MAST	EW(Hb) JADES	EW([OIII]) MAST	EW([OIII]) JADES
4404	5.763688	-966.996897173638	-876.981838187912	-264.9885172360904	-299.99495372930176	-1857.7403251352105	-1855.0476709297902
