ID	redshift	EW(Ha) MAST	EW(Ha) unc MAST	EW(Ha) JADES	EW(Ha) unc JADES	EW(Hb) MAST	EW(Hb) unc MAST	EW(Hb) JADES	EW(Hb) unc JADES	EW([OIII]) MAST	EW([OIII]) unc MAST	EW([OIII]) JADES	EW([OIII]) unc JADES
4404	5.763688	-1205.5093403574838	47.99633130185663 Angstrom	-1069.8818675293514	82.93311184549498 Angstrom	-206.9728358706568	14.704578167831665 Angstrom	-250.25207786667352	27.126091664673073 Angstrom	-1461.5886041117535	29.503507778940683 Angstrom	-1510.9345165526781	55.225343386391586 Angstrom
