ID	redshift	EW(Ha) MAST	DEW(Ha) MAST	EW(Ha) JADES	DEW(Ha) JADES	EW(Hb) MAST	DEW(Hb) MAST	EW(Hb) JADES	DEW(Hb) JADES	EW([OIII]) MAST	EW([OIII]) unc MAST	EW([OIII]) JADES	EW([OIII]) unc JADES	Ha_ini	Ha_end	Hb_ini	Hb_end	[OIII]_ini	[OIII]_end
4404	5.763688	-1330.7542984911656	53.56913202218746	-1012.8349849149636	63.4610268609923	-200.113411167648	27.998854169777623	-238.00315455880946	32.63349016825527	-1504.6970779959117	50.4119549497974	-1608.533467304247	67.3532319476749	6531.0	6619.0	4832.0	4898.0	4929.0	5057.0
