ID	redshift	EW(Ha) MAST	DEW(Ha) MAST	EW(Ha) JADES	DEW(Ha) JADES	EW(Hb) MAST	DEW(Hb) MAST	EW(Hb) JADES	DEW(Hb) JADES	EW([OIII]) MAST	EW([OIII]) unc MAST	EW([OIII]) JADES	EW([OIII]) unc JADES	Ha_ini	Ha_end	Hb_ini	Hb_end	[OIII]_ini	[OIII]_end
10009506	3.59928686455817	-607.1114418710026	12.438279005103354	-599.516990713081	17.43101250774381	-42.2529012132818	10.239646833937435	-52.2804429380289	7.465238812129945	-897.9380742594601	17.161965205097914	-947.5046477134541	16.921058593291086	6486.0	6619.0	4774.0	4883.0	4889.0	5086.0
