ID	redshift	EW(Ha) MAST	EW(Ha) unc MAST	EW(Ha) JADES	EW(Ha) unc JADES	EW(Hb) MAST	EW(Hb) unc MAST	EW(Hb) JADES	EW(Hb) unc JADES	EW([OIII]) MAST	EW([OIII]) unc MAST	EW([OIII]) JADES	EW([OIII]) unc JADES
10009506	3.59928686455817	-396.18671423931016	4.04894291836259 Angstrom	-326.5100526486841	6.02764029654637 Angstrom	-80.15145893034887	3.693875818975534 Angstrom	-50.30830611325524	5.641146686871796 Angstrom	-904.1067473283094	8.680375702406959 Angstrom	-553.6012909694896	8.16758338266405 Angstrom
