ID	redshift	EW(Ha) MAST	EW(Ha) unc MAST	EW(Ha) JADES	EW(Ha) unc JADES	EW(Hb) MAST	EW(Hb) unc MAST	EW(Hb) JADES	EW(Hb) unc JADES	EW([OIII]) MAST	EW([OIII]) unc MAST	EW([OIII]) JADES	EW([OIII]) unc JADES
10009506	3.59928686455817	-580.3710791038375	8.759271737169005 Angstrom	-577.2608340516631	17.057251774472363 Angstrom	-43.16199528647878	5.200700390435864 Angstrom	-52.881641710115545	7.0828716371411575 Angstrom	-894.0685396991948	10.201108426016269 Angstrom	-943.0915155539848	18.60236963992804 Angstrom
