ID	redshift	EW(Ha) MAST	EW(Ha) JADES	EW(Hb) MAST	EW(Hb) JADES	EW([OIII]) MAST	EW([OIII]) JADES
10009506	3.59928686455817	-557.9184446093266	-539.3093689263087	-73.86718188907076	-67.18739441817434	-869.7206492101843	-834.0216068614575
