ID	redshift	EW(Ha) MAST	EW(Ha) unc MAST	EW(Ha) JADES	EW(Ha) unc JADES	EW(Hb) MAST	EW(Hb) unc MAST	EW(Hb) JADES	EW(Hb) unc JADES	EW([OIII]) MAST	EW([OIII]) unc MAST	EW([OIII]) JADES	EW([OIII]) unc JADES
18028	3.73094591607022	-103.90567649881547	13.0263275360799 Angstrom	-236.94707161391761	28.840971569479795 Angstrom	-9.144903676064045	8.757110214724698 Angstrom	-139.27264962857686	30.56198293280027 Angstrom	-93.48257846649551	18.198719126148927 Angstrom	-518.9946512806282	60.807493668967815 Angstrom
