ID	redshift	EW(Ha) MAST	DEW(Ha) MAST	EW(Ha) JADES	DEW(Ha) JADES	EW(Hb) MAST	DEW(Hb) MAST	EW(Hb) JADES	DEW(Hb) JADES	EW([OIII]) MAST	EW([OIII]) unc MAST	EW([OIII]) JADES	EW([OIII]) unc JADES	Ha_ini	Ha_end	Hb_ini	Hb_end	[OIII]_ini	[OIII]_end
18028	3.73094591607022	-111.4642760487167	16.179878692656946	-304.81482846993526	49.93621854983647	-9.538102311660136	9.993014449522311	-125.68507191244233	50.716657319998845	-92.39931199259705	19.114325728874682	-551.7453126979017	75.77374895512314	6502.0	6633.0	4793.0	4901.0	4903.0	5087.0
