ID	redshift	EW(Ha) MAST	EW(Ha) unc MAST	EW(Ha) JADES	EW(Ha) unc JADES	EW(Hb) MAST	EW(Hb) unc MAST	EW(Hb) JADES	EW(Hb) unc JADES	EW([OIII]) MAST	EW([OIII]) unc MAST	EW([OIII]) JADES	EW([OIII]) unc JADES
4197	3.748809	-44.25712563306576	16.446585918330385 Angstrom	-163.05080742852218	68.02823152936779 Angstrom	-86.34525003596868	124.43068204354348 Angstrom	-127.46654717751517	288.97310270145914 Angstrom	7.1849660437237555	50.05586968133682 Angstrom	-20.747320536271285	101.21428481198753 Angstrom
