ID	redshift	EW(Ha) MAST	EW(Ha) unc MAST	EW(Ha) JADES	EW(Ha) unc JADES	EW(Hb) MAST	EW(Hb) unc MAST	EW(Hb) JADES	EW(Hb) unc JADES	EW([OIII]) MAST	EW([OIII]) unc MAST	EW([OIII]) JADES	EW([OIII]) unc JADES
3184	3.46762	-278.14387808718766	7.109988927732928 Angstrom	-312.6316869623193	15.124274466393194 Angstrom	-25.90919929697767	3.136847273392678 Angstrom	-16.25971829362004	4.959723196754207 Angstrom	-353.92083596253593	4.870873481222012 Angstrom	-444.970291561157	14.61344302601071 Angstrom
