ID	redshift	EW(Ha) MAST	EW(Ha) JADES	EW(Hb) MAST	EW(Hb) JADES	EW([OIII]) MAST	EW([OIII]) JADES
3184	3.46762	-385.68453542301836	-391.71053972169034	-39.78106222801958	-45.66585224959203	-412.08898277544824	-533.9587129192663
