ID	redshift	EW(Ha) MAST	EW(Ha) JADES	EW(Hb) MAST	EW(Hb) JADES	EW([OIII]) MAST	EW([OIII]) JADES
16625	6.630648	-395.1025761438294	-410.6975986957217	-218.34955627774184	-251.74100039018282	-1355.9423758872922	-1605.0224614275273
