ID	redshift	EW(Ha) MAST	EW(Ha) unc MAST	EW(Ha) JADES	EW(Ha) unc JADES	EW(Hb) MAST	EW(Hb) unc MAST	EW(Hb) JADES	EW(Hb) unc JADES	EW([OIII]) MAST	EW([OIII]) unc MAST	EW([OIII]) JADES	EW([OIII]) unc JADES
16625	6.630648	-2858.979878936429	199.2675142243739 Angstrom	-1513.492805514862	180.5558498523102 Angstrom	-678.2892069199482	72.23708704251301 Angstrom	-526.5668228528737	97.4263729687105 Angstrom	-2465.564189340234	117.5816793772299 Angstrom	-2273.2403529262565	165.70309323048917 Angstrom
