ID	redshift	EW(Ha) MAST	EW(Ha) unc MAST	EW(Ha) JADES	EW(Ha) unc JADES	EW(Hb) MAST	EW(Hb) unc MAST	EW(Hb) JADES	EW(Hb) unc JADES	EW([OIII]) MAST	EW([OIII]) unc MAST	EW([OIII]) JADES	EW([OIII]) unc JADES
16625	6.630648	-4214.6708595566815	212.6851509548833 Angstrom	-1401.2640642333402	109.96957086136037 Angstrom	-726.9305162080736	58.57709511524165 Angstrom	-479.76754020552204	55.62793885211612 Angstrom	-2490.454854955005	112.33098662673756 Angstrom	-2263.157845373617	141.923508939094 Angstrom
