ID	redshift	EW(Ha) MAST	EW(Ha) unc MAST	EW(Ha) JADES	EW(Ha) unc JADES	EW(Hb) MAST	EW(Hb) unc MAST	EW(Hb) JADES	EW(Hb) unc JADES	EW([OIII]) MAST	EW([OIII]) unc MAST	EW([OIII]) JADES	EW([OIII]) unc JADES
7507	4.04428024657048	-681.0229068254081	19.635060562009908 Angstrom	-765.8067144190143	44.593927639084264 Angstrom	-181.2400717399452	24.468214929305528 Angstrom	-167.52862867077158	31.246114188410928 Angstrom	-1040.0569484206662	33.92061333936152 Angstrom	-913.7836789347353	43.727493268369656 Angstrom
