ID	redshift	EW(Ha) MAST	EW(Ha) JADES	EW(Hb) MAST	EW(Hb) JADES	EW([OIII]) MAST	EW([OIII]) JADES
7507	4.04428024657048	-1155.9211594616113	-1493.8013425926363	-141.632476423015	-163.41782514842382	-918.8193754927577	-1066.010648757049
