ID	redshift	EW(Ha) MAST	EW(Ha) JADES	EW(Hb) MAST	EW(Hb) JADES	EW([OIII]) MAST	EW([OIII]) JADES
7507	4.04428024657048	-692.9375731284015	-710.609978738508	-82.99227472601345	-84.29795468460757	-631.7897903913583	-634.5449142391376
