ID	redshift	EW(Ha) MAST	EW(Ha) unc MAST	EW(Ha) JADES	EW(Ha) unc JADES	EW(Hb) MAST	EW(Hb) unc MAST	EW(Hb) JADES	EW(Hb) unc JADES	EW([OIII]) MAST	EW([OIII]) unc MAST	EW([OIII]) JADES	EW([OIII]) unc JADES
8083	4.6487198664651	-1203.9114748396928	10.456539702299233 Angstrom	-1243.6549865870177	20.749934651809415 Angstrom	-252.22994583797237	7.787710365929976 Angstrom	-162.66658387531663	8.861894495504485 Angstrom	-2496.030265960895	19.81152435348271 Angstrom	-2035.7983325723226	25.80170891014252 Angstrom
