ID	redshift	EW(Ha) MAST	EW(Ha) unc MAST	EW(Ha) JADES	EW(Ha) unc JADES	EW(Hb) MAST	EW(Hb) unc MAST	EW(Hb) JADES	EW(Hb) unc JADES	EW([OIII]) MAST	EW([OIII]) unc MAST	EW([OIII]) JADES	EW([OIII]) unc JADES
8083	4.6487198664651	-1219.2023035920824	13.417078132793533 Angstrom	-1314.3102656062654	27.095325187976574 Angstrom	-147.0918426960043	3.1883740338429676 Angstrom	-173.55246143312343	9.248500077983925 Angstrom	-1953.9583178453993	14.27520190520355 Angstrom	-2181.7652875367185	29.343185347341997 Angstrom
