ID	redshift	EW(Ha) MAST	DEW(Ha) MAST	EW(Ha) JADES	DEW(Ha) JADES	EW(Hb) MAST	DEW(Hb) MAST	EW(Hb) JADES	DEW(Hb) JADES	EW([OIII]) MAST	EW([OIII]) unc MAST	EW([OIII]) JADES	EW([OIII]) unc JADES	Ha_ini	Ha_end	Hb_ini	Hb_end	[OIII]_ini	[OIII]_end
8083	4.6487198664651	-1300.1925388609254	33.26101858175061	-1308.6262547634067	34.725908282949966	-141.06319614507657	11.218449989768269	-165.2166875731608	19.889274927988808	-2001.5667915863978	28.526085695216658	-2247.916559346042	39.88411433612943	6494.0	6630.0	4824.0	4887.0	4927.0	5072.0
