ID	redshift	EW(Ha) MAST	DEW(Ha) MAST	EW(Ha) JADES	DEW(Ha) JADES	EW(Hb) MAST	DEW(Hb) MAST	EW(Hb) JADES	DEW(Hb) JADES	EW([OIII]) MAST	EW([OIII]) unc MAST	EW([OIII]) JADES	EW([OIII]) unc JADES	Ha_ini	Ha_end	Hb_ini	Hb_end	[OIII]_ini	[OIII]_end
18090	4.77562372049334	-985.5614843353501	38.38493369900272	-927.7159483117315	49.199587568502686	-164.0984937764908	28.332919898780375	-211.87592088759462	30.94981438065906	-1948.2147195430996	51.375218749609765	-2320.0504769441272	55.653695396622815	6502.0	6622.0	4807.0	4899.0	4907.0	5075.0
