ID	redshift	EW(Ha) MAST	EW(Ha) unc MAST	EW(Ha) JADES	EW(Ha) unc JADES	EW(Hb) MAST	EW(Hb) unc MAST	EW(Hb) JADES	EW(Hb) unc JADES	EW([OIII]) MAST	EW([OIII]) unc MAST	EW([OIII]) JADES	EW([OIII]) unc JADES
18090	4.77562372049334	-862.4319229018375	20.8153317888822 Angstrom	-776.3926536793359	33.9916021008959 Angstrom	-170.50978067802245	11.652704558423668 Angstrom	-218.09283277163303	21.36913021727065 Angstrom	-1892.1949535500564	26.858896128040694 Angstrom	-2274.0143559765265	52.95652999267341 Angstrom
