ID	redshift	EW(Ha) MAST	EW(Ha) unc MAST	EW(Ha) JADES	EW(Ha) unc JADES	EW(Hb) MAST	EW(Hb) unc MAST	EW(Hb) JADES	EW(Hb) unc JADES	EW([OIII]) MAST	EW([OIII]) unc MAST	EW([OIII]) JADES	EW([OIII]) unc JADES
18090	4.77562372049334	-871.7767733929361	24.066852427162175 Angstrom	-777.7642970780694	36.56466160135016 Angstrom	-185.812202644798	12.294804389984892 Angstrom	-217.76652603137245	24.12948881759944 Angstrom	-2068.4984331601536	32.034987959677885 Angstrom	-2266.854000018034	52.794040320067325 Angstrom
