ID	redshift	EW(Ha) MAST	EW(Ha) unc MAST	EW(Ha) JADES	EW(Ha) unc JADES	EW(Hb) MAST	EW(Hb) unc MAST	EW(Hb) JADES	EW(Hb) unc JADES	EW([OIII]) MAST	EW([OIII]) unc MAST	EW([OIII]) JADES	EW([OIII]) unc JADES
10015338	5.07627227996806	-1155.6564134447551	75.80777065938703 Angstrom	-1409.2129483660585	149.4109548582103 Angstrom	-115.74256610483036	11.866344395965582 Angstrom	-156.05092755607373	27.4209694572494 Angstrom	-774.4226215370861	22.396779593815356 Angstrom	-1129.9338979148886	52.196923397122006 Angstrom
