ID	redshift	EW(Ha) MAST	EW(Ha) JADES	EW(Hb) MAST	EW(Hb) JADES	EW([OIII]) MAST	EW([OIII]) JADES
10015338	5.07627227996806	-651.1436627153485	-591.6780323091341	-96.43526150312	-96.66761206958003	-803.7200023232557	-834.666078427853
