ID	redshift	EW(Ha) MAST	DEW(Ha) MAST	EW(Ha) JADES	DEW(Ha) JADES	EW(Hb) MAST	DEW(Hb) MAST	EW(Hb) JADES	DEW(Hb) JADES	EW([OIII]) MAST	EW([OIII]) unc MAST	EW([OIII]) JADES	EW([OIII]) unc JADES	Ha_ini	Ha_end	Hb_ini	Hb_end	[OIII]_ini	[OIII]_end
10015338	5.07627227996806	-1409.6523006666548	78.78971263027027	-1427.8251006697085	67.56024549383635	-158.00151590959194	40.21009812651989	-129.8993431528486	37.85005308893451	-1238.3230354919851	52.03774519561764	-1206.441202933578	58.37710924806782	6512.0	6600.0	4795.0	4889.0	4918.0	5062.0
