ID	redshift	EW(Ha) MAST	EW(Ha) unc MAST	EW(Ha) JADES	EW(Ha) unc JADES	EW(Hb) MAST	EW(Hb) unc MAST	EW(Hb) JADES	EW(Hb) unc JADES	EW([OIII]) MAST	EW([OIII]) unc MAST	EW([OIII]) JADES	EW([OIII]) unc JADES
10015338	5.07627227996806	-1274.0772132361153	58.1311191359779 Angstrom	-1550.6458937232326	101.43403452728396 Angstrom	-159.90677658092721	23.984208897077817 Angstrom	-139.4459159916429	31.674819876256905 Angstrom	-1226.6332339973446	36.18039303281619 Angstrom	-1158.0329422260058	57.92850685205401 Angstrom
