ID	redshift	EW(Ha) MAST	DEW(Ha) MAST	EW(Ha) JADES	DEW(Ha) JADES	EW(Hb) MAST	DEW(Hb) MAST	EW(Hb) JADES	DEW(Hb) JADES	EW([OIII]) MAST	EW([OIII]) unc MAST	EW([OIII]) JADES	EW([OIII]) unc JADES	Ha_ini	Ha_end	Hb_ini	Hb_end	[OIII]_ini	[OIII]_end
17072	4.70200977971638	-156.3252216811825	19.111438592625774	-161.65702330911068	24.34811562752509	-14.43051225420137	10.416606675649597	-13.068661760167107	14.397054563833349	-212.16070596686973	20.594256331321905	-198.2146237740872	25.744578273933357	6514.0	6593.0	4810.0	4887.0	4908.0	5050.0
