ID	redshift	EW(Ha) MAST	EW(Ha) unc MAST	EW(Ha) JADES	EW(Ha) unc JADES	EW(Hb) MAST	EW(Hb) unc MAST	EW(Hb) JADES	EW(Hb) unc JADES	EW([OIII]) MAST	EW([OIII]) unc MAST	EW([OIII]) JADES	EW([OIII]) unc JADES
17072	4.70200977971638	-169.51519442633946	18.85003867736762 Angstrom	-140.5394176139224	23.132425501711932 Angstrom	-15.018252933986307	10.153369759197128 Angstrom	-12.732761185770864	17.086098137448783 Angstrom	-210.40643695056383	19.501482169450828 Angstrom	-199.31993235093825	32.40169998995404 Angstrom
