ID	redshift	EW(Ha) MAST	DEW(Ha) MAST	EW(Ha) JADES	DEW(Ha) JADES	EW(Hb) MAST	DEW(Hb) MAST	EW(Hb) JADES	DEW(Hb) JADES	EW([OIII]) MAST	EW([OIII]) unc MAST	EW([OIII]) JADES	EW([OIII]) unc JADES	Ha_ini	Ha_end	Hb_ini	Hb_end	[OIII]_ini	[OIII]_end
20961	7.04457065169479	195.94421727736062	40.000199792605	-131.86982794331004	33.455312545962826	-99.47411330676576	53.35312030317579	-150.17863429710567	50.01375765553749	-846.9971302357689	134.03881967807567	-826.3284475597277	96.21487115682758	6542.0	6569.0	4815.0	4890.0	4925.0	5044.0
