ID	redshift	EW(Ha) MAST	EW(Ha) unc MAST	EW(Ha) JADES	EW(Ha) unc JADES	EW(Hb) MAST	EW(Hb) unc MAST	EW(Hb) JADES	EW(Hb) unc JADES	EW([OIII]) MAST	EW([OIII]) unc MAST	EW([OIII]) JADES	EW([OIII]) unc JADES
20961	7.04457065169479	195.94421727736062	48.828786885208785 Angstrom	-131.86982794331004	75.81364807733314 Angstrom	-101.86697603562492	41.24659445967082 Angstrom	-163.13246490992458	63.54813481588128 Angstrom	-803.3885629267968	111.1483294945616 Angstrom	-683.6784934687316	105.68666408897835 Angstrom
