ID	redshift	EW(Ha) MAST	EW(Ha) JADES	EW(Hb) MAST	EW(Hb) JADES	EW([OIII]) MAST	EW([OIII]) JADES
20961	7.04457065169479	-282.2994221664603	-479.1594822569692	-79.01515803039466	-80.09670139199804	-444.72419827817686	-342.9186305265076
