ID	redshift	EW(Ha) MAST	EW(Ha) unc MAST	EW(Ha) JADES	EW(Ha) unc JADES	EW(Hb) MAST	EW(Hb) unc MAST	EW(Hb) JADES	EW(Hb) unc JADES	EW([OIII]) MAST	EW([OIII]) unc MAST	EW([OIII]) JADES	EW([OIII]) unc JADES
20961	7.04457065169479	383.10450588671927	97.55051906672918 Angstrom	-91.02380156261249	59.2685852531606 Angstrom	-107.03740646943893	40.5546656810717 Angstrom	-137.66681908467976	44.00092834085859 Angstrom	-695.4121889190676	80.87896624092679 Angstrom	-656.7577283245275	94.90312146286877 Angstrom
