ID	redshift	EW(Ha) MAST	DEW(Ha) MAST	EW(Ha) JADES	DEW(Ha) JADES	EW(Hb) MAST	DEW(Hb) MAST	EW(Hb) JADES	DEW(Hb) JADES	EW([OIII]) MAST	EW([OIII]) unc MAST	EW([OIII]) JADES	EW([OIII]) unc JADES	Ha_ini	Ha_end	Hb_ini	Hb_end	[OIII]_ini	[OIII]_end
8013	8.47315					-1023.1583189348885	750.0485327025045	-485.9167842082957	455.38343808261686	-2905.634213638161	580.8006526259265	-2935.981509839581	672.9267960514511	6510.0	6608.0	4821.0	4901.0	4918.0	5060.0
