ID	redshift	EW(Ha) MAST	DEW(Ha) MAST	EW(Ha) JADES	DEW(Ha) JADES	EW(Hb) MAST	DEW(Hb) MAST	EW(Hb) JADES	DEW(Hb) JADES	EW([OIII]) MAST	EW([OIII]) unc MAST	EW([OIII]) JADES	EW([OIII]) unc JADES	Ha_ini	Ha_end	Hb_ini	Hb_end	[OIII]_ini	[OIII]_end
8113	4.90277103561231	-478.2077401758686	47.72157468912541	-486.36452989326904	53.51810540976889	-104.08740405395457	15.753090875971793	-97.93964344870808	14.362113966740749	-917.9671354381878	23.63460636322634	-903.108038468269	28.7675982606441	6528.0	6699.0	4810.0	4884.0	4907.0	5046.0
