ID	redshift	EW(Ha) MAST	EW(Ha) unc MAST	EW(Ha) JADES	EW(Ha) unc JADES	EW(Hb) MAST	EW(Hb) unc MAST	EW(Hb) JADES	EW(Hb) unc JADES	EW([OIII]) MAST	EW([OIII]) unc MAST	EW([OIII]) JADES	EW([OIII]) unc JADES
8113	4.90277103561231	-423.0776665031784	32.45166159791235 Angstrom	-423.62932845282614	56.39779381117833 Angstrom	-107.7698987514826	13.142202092118762 Angstrom	-97.81142725100895	16.389619018457566 Angstrom	-896.3178083192039	21.243047087477635 Angstrom	-903.8892646968341	35.22621782629404 Angstrom
