ID	redshift	EW(Ha) MAST	EW(Ha) unc MAST	EW(Ha) JADES	EW(Ha) unc JADES	EW(Hb) MAST	EW(Hb) unc MAST	EW(Hb) JADES	EW(Hb) unc JADES	EW([OIII]) MAST	EW([OIII]) unc MAST	EW([OIII]) JADES	EW([OIII]) unc JADES
9452	5.12243857379367	-2286.4167387513	149.3202220963164 Angstrom	-3327.6910505638884	490.2634181281169 Angstrom	-41.81732722763218	30.966030993241073 Angstrom	-44.24172602459613	27.1420350809872 Angstrom	-902.328128786659	54.911352625948126 Angstrom	-711.8730935637225	82.8849024711784 Angstrom
