ID	redshift	EW(Ha) MAST	EW(Ha) unc MAST	EW(Ha) JADES	EW(Ha) unc JADES	EW(Hb) MAST	EW(Hb) unc MAST	EW(Hb) JADES	EW(Hb) unc JADES	EW([OIII]) MAST	EW([OIII]) unc MAST	EW([OIII]) JADES	EW([OIII]) unc JADES
10013618	5.94372301071691	-110.6842049625389	7.023037867301453 Angstrom	-114.93161004664248	10.262162852596532 Angstrom	-25.211006745238016	5.468520285463252 Angstrom	-22.655931233885067	7.897082839953155 Angstrom	-178.9764472140185	7.096105904871444 Angstrom	-166.56054116000468	11.803620596560624 Angstrom
