ID	redshift	EW(Ha) MAST	EW(Ha) unc MAST	EW(Ha) JADES	EW(Ha) unc JADES	EW(Hb) MAST	EW(Hb) unc MAST	EW(Hb) JADES	EW(Hb) unc JADES	EW([OIII]) MAST	EW([OIII]) unc MAST	EW([OIII]) JADES	EW([OIII]) unc JADES
10013618	5.94372301071691	-113.38382420711687	5.734798523957635 Angstrom	-112.28528813885161	10.131974462720212 Angstrom	-19.882791514818088	2.759007615149833 Angstrom	-17.535525661688542	4.415901128992316 Angstrom	-174.45061250895523	7.415036532303163 Angstrom	-164.2517590045416	11.708759499133816 Angstrom
