ID	redshift	EW(Ha) MAST	DEW(Ha) MAST	EW(Ha) JADES	DEW(Ha) JADES	EW(Hb) MAST	DEW(Hb) MAST	EW(Hb) JADES	DEW(Hb) JADES	EW([OIII]) MAST	EW([OIII]) unc MAST	EW([OIII]) JADES	EW([OIII]) unc JADES	Ha_ini	Ha_end	Hb_ini	Hb_end	[OIII]_ini	[OIII]_end
10013618	5.94372301071691	-128.24511391843652	8.671769847772444	-116.13611032348544	8.759984705096722	-24.761319920608805	7.10490986534171	-22.98590250711795	8.740772101379507	-180.213884345772	8.084653296185309	-165.4683504420435	11.393857458008608	6536.0	6589.0	4792.0	4895.0	4923.0	5047.0
