ID	redshift	EW(Ha) MAST	EW(Ha) JADES	EW(Hb) MAST	EW(Hb) JADES	EW([OIII]) MAST	EW([OIII]) JADES
10013618	5.94372301071691	-95.83974306463553	-87.77513297512522	-12.725809205502529	-11.841899387671209	-151.40353168576664	-131.7813095244537
