ID	redshift	EW(Ha) MAST	DEW(Ha) MAST	EW(Ha) JADES	DEW(Ha) JADES	EW(Hb) MAST	DEW(Hb) MAST	EW(Hb) JADES	DEW(Hb) JADES	EW([OIII]) MAST	EW([OIII]) unc MAST	EW([OIII]) JADES	EW([OIII]) unc JADES	Ha_ini	Ha_end	Hb_ini	Hb_end	[OIII]_ini	[OIII]_end
6384	5.61541238216689	-283.0417794002793	71.47269159018441	-166.96730820475855	67.8006004472305	-40.28952875692441	26.804749491056203	-47.26647839643988	34.24863230045613	-195.66904766646064	42.35475750665443	-179.55427100638656	66.06759127660409	6520.0	6602.0	4806.0	4892.0	4929.0	5084.0
