ID	redshift	EW(Ha) MAST	EW(Ha) unc MAST	EW(Ha) JADES	EW(Ha) unc JADES	EW(Hb) MAST	EW(Hb) unc MAST	EW(Hb) JADES	EW(Hb) unc JADES	EW([OIII]) MAST	EW([OIII]) unc MAST	EW([OIII]) JADES	EW([OIII]) unc JADES
6384	5.61541238216689	-434.64464789453604	101.42783006633599 Angstrom	-185.3506855266981	89.40405022709777 Angstrom	-42.62482596189215	25.53277694925817 Angstrom	-50.67950263650685	39.59515522055441 Angstrom	-188.80156788999454	40.986118892115414 Angstrom	-170.53844805035658	71.46958862527673 Angstrom
