ID	redshift	EW(Ha) MAST	EW(Ha) unc MAST	EW(Ha) JADES	EW(Ha) unc JADES	EW(Hb) MAST	EW(Hb) unc MAST	EW(Hb) JADES	EW(Hb) unc JADES	EW([OIII]) MAST	EW([OIII]) unc MAST	EW([OIII]) JADES	EW([OIII]) unc JADES
6384	5.61541238216689	-421.15960412348	66.51796304617136 Angstrom	-164.93615455687402	64.98238212957632 Angstrom	-33.38619403032666	14.326574986373721 Angstrom	-34.06539141233585	21.69996332748119 Angstrom	-168.99981451266842	29.778124482742065 Angstrom	-163.45331213916998	55.888344665040734 Angstrom
