ID	redshift	EW(Ha) MAST	DEW(Ha) MAST	EW(Ha) JADES	DEW(Ha) JADES	EW(Hb) MAST	DEW(Hb) MAST	EW(Hb) JADES	DEW(Hb) JADES	EW([OIII]) MAST	EW([OIII]) unc MAST	EW([OIII]) JADES	EW([OIII]) unc JADES	Ha_ini	Ha_end	Hb_ini	Hb_end	[OIII]_ini	[OIII]_end
9422	5.935895	-1920.729537296715	28.72335156019876	-2062.5650576551607	41.52145654438848	-331.26386916047016	27.051570849796846	-409.77449798201064	41.11855614319	-2902.8011709845755	67.5573666145139	-3643.8556825016053	105.09772091568354	6531.0	6594.0	4828.0	4891.0	4931.0	5064.0
