ID	redshift	EW(Ha) MAST	EW(Ha) unc MAST	EW(Ha) JADES	EW(Ha) unc JADES	EW(Hb) MAST	EW(Hb) unc MAST	EW(Hb) JADES	EW(Hb) unc JADES	EW([OIII]) MAST	EW([OIII]) unc MAST	EW([OIII]) JADES	EW([OIII]) unc JADES
9422	5.935895	-2004.210924745279	22.108596514464693 Angstrom	-2622.027192864247	53.73231367344528 Angstrom	-355.58001060629056	6.048771535159567 Angstrom	-454.05606452616536	16.06855836844846 Angstrom	-2676.09659888659	18.498204142313675 Angstrom	-3191.545549980728	49.72586279227152 Angstrom
