ID	redshift	EW(Ha) MAST	EW(Ha) unc MAST	EW(Ha) JADES	EW(Ha) unc JADES	EW(Hb) MAST	EW(Hb) unc MAST	EW(Hb) JADES	EW(Hb) unc JADES	EW([OIII]) MAST	EW([OIII]) unc MAST	EW([OIII]) JADES	EW([OIII]) unc JADES
9422	5.935895	-1717.1446809485967	45.62990820980571 Angstrom	-1891.1210398270885	90.76023860417797 Angstrom	-390.1595567852867	8.333307579207448 Angstrom	-354.39512239933714	16.048865353384027 Angstrom	-2797.2693015212903	21.24888381004263 Angstrom	-2787.324955473453	44.48583735765245 Angstrom
