ID	redshift	EW(Ha) MAST	DEW(Ha) MAST	EW(Ha) JADES	DEW(Ha) JADES	EW(Hb) MAST	DEW(Hb) MAST	EW(Hb) JADES	DEW(Hb) JADES	EW([OIII]) MAST	EW([OIII]) unc MAST	EW([OIII]) JADES	EW([OIII]) unc JADES	Ha_ini	Ha_end	Hb_ini	Hb_end	[OIII]_ini	[OIII]_end
7762	4.14863310108243	-383.1493927942071	13.33879791941394	-366.74310666902426	13.101444914400897	-29.90244739309543	5.2809134697908755	-48.097520067278104	6.598371250416977	-483.5397312255954	13.134616008015128	-525.2719451089473	10.358760419978726	6506.0	6615.0	4809.0	4897.0	4927.0	5077.0
