ID	redshift	EW(Ha) MAST	EW(Ha) unc MAST	EW(Ha) JADES	EW(Ha) unc JADES	EW(Hb) MAST	EW(Hb) unc MAST	EW(Hb) JADES	EW(Hb) unc JADES	EW([OIII]) MAST	EW([OIII]) unc MAST	EW([OIII]) JADES	EW([OIII]) unc JADES
7762	4.14863310108243	-361.13572195025176	7.3442845645768635 Angstrom	-354.9445540039485	9.736009327902696 Angstrom	-30.53780670782426	2.0113218424353194 Angstrom	-49.346335270661115	5.751843101455495 Angstrom	-479.52069082507904	6.031867126813426 Angstrom	-521.3624990651324	12.102573401755366 Angstrom
