ID	redshift	EW(Ha) MAST	EW(Ha) JADES	EW(Hb) MAST	EW(Hb) JADES	EW([OIII]) MAST	EW([OIII]) JADES
10013609	6.928894	-123.66686717157084	-97.81125492073046	-274.7699173836538	-180.83665423172405	-3016.266611018476	-1944.0776748033445
