ID	redshift	EW(Ha) MAST	EW(Ha) unc MAST	EW(Ha) JADES	EW(Ha) unc JADES	EW(Hb) MAST	EW(Hb) unc MAST	EW(Hb) JADES	EW(Hb) unc JADES	EW([OIII]) MAST	EW([OIII]) unc MAST	EW([OIII]) JADES	EW([OIII]) unc JADES
10013609	6.928894	-695.2085329441946	110.98148989917003 Angstrom	-374.89063406210744	124.93119916846116 Angstrom	-260.6318989966503	59.90052265504298 Angstrom	-231.09272324943447	92.39438016392289 Angstrom	-2156.569112247194	99.6801186251443 Angstrom	-1729.9748650002034	141.79288368091187 Angstrom
