ID	redshift	EW(Ha) MAST	EW(Ha) JADES	EW(Hb) MAST	EW(Hb) JADES	EW([OIII]) MAST	EW([OIII]) JADES
10001587	3.43070237834676	-358.4437100651188	-276.4830219480685	-52.017288573979606	-103.43014376718696	-283.71832546315716	-273.39895004245204
