ID	redshift	EW(Ha) MAST	DEW(Ha) MAST	EW(Ha) JADES	DEW(Ha) JADES	EW(Hb) MAST	DEW(Hb) MAST	EW(Hb) JADES	DEW(Hb) JADES	EW([OIII]) MAST	EW([OIII]) unc MAST	EW([OIII]) JADES	EW([OIII]) unc JADES	Ha_ini	Ha_end	Hb_ini	Hb_end	[OIII]_ini	[OIII]_end
10001587	3.43070237834676	-646.9983479608991	143.17449489758891	-467.5666548611182	104.93951157946103			-84.14834976031796	43.238339765250565	-149.30655092498398	47.112753631071065	-281.9461999146608	56.7970997907234	6502.0	6600.0	4831.0	4882.0	4928.0	5025.0
