ID	redshift	EW(Ha) MAST	DEW(Ha) MAST	EW(Ha) JADES	DEW(Ha) JADES	EW(Hb) MAST	DEW(Hb) MAST	EW(Hb) JADES	DEW(Hb) JADES	EW([OIII]) MAST	EW([OIII]) unc MAST	EW([OIII]) JADES	EW([OIII]) unc JADES	Ha_ini	Ha_end	Hb_ini	Hb_end	[OIII]_ini	[OIII]_end
10056849	5.8142066790736	-2185.491628019246	105.10935249801632	-1870.407750962414	118.2724793258444	-312.99994924353854	71.75874740753021	-404.9892921349146	78.20042991326761	-1725.7688643198612	91.26939195849364	-2059.599964126428	129.1417604250936	6530.0	6596.0	4818.0	4897.0	4934.0	5042.0
