ID	redshift	EW(Ha) MAST	EW(Ha) unc MAST	EW(Ha) JADES	EW(Ha) unc JADES	EW(Hb) MAST	EW(Hb) unc MAST	EW(Hb) JADES	EW(Hb) unc JADES	EW([OIII]) MAST	EW([OIII]) unc MAST	EW([OIII]) JADES	EW([OIII]) unc JADES
10056849	5.8142066790736	-1951.0845933624705	65.81034559246602 Angstrom	-1701.6936918752708	96.57206077565446 Angstrom	-327.737646672852	36.74805525131034 Angstrom	-462.6628818084675	68.31630774268548 Angstrom	-1530.0066115505006	46.43606057885166 Angstrom	-1687.529823745294	92.8436500514846 Angstrom
