ID	redshift	EW(Ha) MAST	EW(Ha) JADES	EW(Hb) MAST	EW(Hb) JADES	EW([OIII]) MAST	EW([OIII]) JADES
10009848	4.37	-18.12641573094069	26.623872638158915	1.0574385497092873	1.1471781571339268	-11.186787863465883	0.5460359226034941
