ID	redshift	EW(Ha) MAST	DEW(Ha) MAST	EW(Ha) JADES	DEW(Ha) JADES	EW(Hb) MAST	DEW(Hb) MAST	EW(Hb) JADES	DEW(Hb) JADES	EW([OIII]) MAST	EW([OIII]) unc MAST	EW([OIII]) JADES	EW([OIII]) unc JADES	Ha_ini	Ha_end	Hb_ini	Hb_end	[OIII]_ini	[OIII]_end
10009848	4.37	-14.633081828339828	66.42457403458047	45.715210570566	61.63957269163081	3.7792766056869613	22.643143147589207	2.996371188590306	35.00087715923154	-14.34483704147247	44.266176254309606	-0.4649969459403892	62.307585799799455	6530.0	6660.0	4815.0	4900.0	4906.0	5058.0
