ID	redshift	EW(Ha) MAST	EW(Ha) unc MAST	EW(Ha) JADES	EW(Ha) unc JADES	EW(Hb) MAST	EW(Hb) unc MAST	EW(Hb) JADES	EW(Hb) unc JADES	EW([OIII]) MAST	EW([OIII]) unc MAST	EW([OIII]) JADES	EW([OIII]) unc JADES
10009848	4.37	15.941136124612994	37.293593258311475 Angstrom	54.21555075857646	66.94478542694826 Angstrom	0.3052578370360073	18.616512681798486 Angstrom	3.967995017425583	30.953980261892948 Angstrom	-11.573351876630655	35.112983249278585 Angstrom	-1.7513545296846906	59.886165137733066 Angstrom
