ID	redshift	EW(Ha) MAST	DEW(Ha) MAST	EW(Ha) JADES	DEW(Ha) JADES	EW(Hb) MAST	DEW(Hb) MAST	EW(Hb) JADES	DEW(Hb) JADES	EW([OIII]) MAST	EW([OIII]) unc MAST	EW([OIII]) JADES	EW([OIII]) unc JADES	Ha_ini	Ha_end	Hb_ini	Hb_end	[OIII]_ini	[OIII]_end
4270	4.02261238702772	-1000.8599962685597	32.966306024306256	-1104.407534562509	35.95997170887307	-82.94010519860365	13.110964884865595	-61.99741409506062	7.064980176263008	-1206.3164291875992	30.913718405587975	-1320.4411171478316	25.78985468901106	6462.0	6639.0	4795.0	4872.0	4912.0	5119.0
