ID	redshift	EW(Ha) MAST	EW(Ha) JADES	EW(Hb) MAST	EW(Hb) JADES	EW([OIII]) MAST	EW([OIII]) JADES
4270	4.02261238702772	-1063.4625697126437	-1239.98554037681	-151.82934017730219	-160.3563065332155	-1273.3062040743182	-1714.9584507618802
