ID	redshift	EW(Ha) MAST	EW(Ha) unc MAST	EW(Ha) JADES	EW(Ha) unc JADES	EW(Hb) MAST	EW(Hb) unc MAST	EW(Hb) JADES	EW(Hb) unc JADES	EW([OIII]) MAST	EW([OIII]) unc MAST	EW([OIII]) JADES	EW([OIII]) unc JADES
4270	4.02261238702772	-967.1677677567818	12.398375180769717 Angstrom	-1081.7553413017438	25.358963254628428 Angstrom	-86.34934605512278	4.400788647790514 Angstrom	-64.62786977957433	4.4873826473296035 Angstrom	-1188.4742216207671	12.598290078543837 Angstrom	-1300.8934055514478	23.593769016306133 Angstrom
