ID	redshift	EW(Ha) MAST	EW(Ha) unc MAST	EW(Ha) JADES	EW(Ha) unc JADES	EW(Hb) MAST	EW(Hb) unc MAST	EW(Hb) JADES	EW(Hb) unc JADES	EW([OIII]) MAST	EW([OIII]) unc MAST	EW([OIII]) JADES	EW([OIII]) unc JADES
19606	5.88913558713673	-1092.2733565699307	82.14927576231868 Angstrom	-990.5307993623867	104.18580764060212 Angstrom	-139.36329768163642	18.024580997331693 Angstrom	-159.51691654374747	40.315699747955904 Angstrom	-1084.0752014828852	39.65310190592085 Angstrom	-1446.955358714107	82.72752534921312 Angstrom
