ID	redshift	EW(Ha) MAST	DEW(Ha) MAST	EW(Ha) JADES	DEW(Ha) JADES	EW(Hb) MAST	DEW(Hb) MAST	EW(Hb) JADES	DEW(Hb) JADES	EW([OIII]) MAST	EW([OIII]) unc MAST	EW([OIII]) JADES	EW([OIII]) unc JADES	Ha_ini	Ha_end	Hb_ini	Hb_end	[OIII]_ini	[OIII]_end
19606	5.88913558713673	-1160.5590495486006	94.99396162763591	-1024.03470066426	90.20731873650278	-128.86414354110156	37.80579224982517	-154.97040755274514	38.04820206601773	-1163.343681329284	80.80560540504821	-1509.6154109041997	72.95811467446501	6532.0	6596.0	4833.0	4893.0	4934.0	5038.0
