ID	redshift	EW(Ha) MAST	EW(Ha) unc MAST	EW(Ha) JADES	EW(Ha) unc JADES	EW(Hb) MAST	EW(Hb) unc MAST	EW(Hb) JADES	EW(Hb) unc JADES	EW([OIII]) MAST	EW([OIII]) unc MAST	EW([OIII]) JADES	EW([OIII]) unc JADES
10005447	6.62257640301802	-2078.4085700024243	1050.4916864392078 Angstrom	-248.18069329759547	268.15363050150825 Angstrom	-244.4810135902947	248.24863220504977 Angstrom	-147.9142111410999	412.72094655540945 Angstrom	-748.7027889419272	218.43888434939953 Angstrom	-801.0947497647932	363.69043045384177 Angstrom
