ID	redshift	EW(Ha) MAST	EW(Ha) JADES	EW(Hb) MAST	EW(Hb) JADES	EW([OIII]) MAST	EW([OIII]) JADES
10005447	6.62257640301802	-232.02634179739078	-215.03379969741414	-120.35657338631084	-137.91120216299444	-668.2580544537027	-821.9271320431127
