ID	redshift	EW(Ha) MAST	DEW(Ha) MAST	EW(Ha) JADES	DEW(Ha) JADES	EW(Hb) MAST	DEW(Hb) MAST	EW(Hb) JADES	DEW(Hb) JADES	EW([OIII]) MAST	EW([OIII]) unc MAST	EW([OIII]) JADES	EW([OIII]) unc JADES	Ha_ini	Ha_end	Hb_ini	Hb_end	[OIII]_ini	[OIII]_end
10005447	6.62257640301802	46542.42334703721	17067.13651752436	-723.1372658909221	294.06155173534955	-295.85238564968614	203.34376858711565	-245.98266299317874	314.2153322335697	-1294.2266144775285	250.51621448655638	-1234.1855052909566	359.4783599121731	6524.0	6577.0	4835.0	4909.0	4925.0	5040.0
