ID	redshift	EW(Ha) MAST	EW(Ha) unc MAST	EW(Ha) JADES	EW(Ha) unc JADES	EW(Hb) MAST	EW(Hb) unc MAST	EW(Hb) JADES	EW(Hb) unc JADES	EW([OIII]) MAST	EW([OIII]) unc MAST	EW([OIII]) JADES	EW([OIII]) unc JADES
10005113	5.820838	-1627.1492716744176	76.26258294927885 Angstrom	-1220.7492646237017	118.83055737000852 Angstrom	-664.5813832034167	88.55890073752013 Angstrom	-936.5627371537553	179.604199655153 Angstrom	-2712.4773748052626	125.61821719377336 Angstrom	-2965.2676540861958	234.05104053529223 Angstrom
