ID	redshift	EW(Ha) MAST	DEW(Ha) MAST	EW(Ha) JADES	DEW(Ha) JADES	EW(Hb) MAST	DEW(Hb) MAST	EW(Hb) JADES	DEW(Hb) JADES	EW([OIII]) MAST	EW([OIII]) unc MAST	EW([OIII]) JADES	EW([OIII]) unc JADES	Ha_ini	Ha_end	Hb_ini	Hb_end	[OIII]_ini	[OIII]_end
10005113	5.820838	-1419.3262638849396	64.69340258261784	-1102.9496166905092	81.07279650703363	-652.2757470713655	157.0299730826675	-837.9184230412457	189.8970344772417	-2789.149364151599	211.33552942763416	-3360.6279740309615	268.6277533665864	6541.0	6597.0	4825.0	4899.0	4922.0	5034.0
