ID	redshift	EW(Ha) MAST	EW(Ha) unc MAST	EW(Ha) JADES	EW(Ha) unc JADES	EW(Hb) MAST	EW(Hb) unc MAST	EW(Hb) JADES	EW(Hb) unc JADES	EW([OIII]) MAST	EW([OIII]) unc MAST	EW([OIII]) JADES	EW([OIII]) unc JADES
10005113	5.820838	-2109.9722848807514	138.5353115648008 Angstrom	-1695.7757391169118	219.84701476467 Angstrom	-307.66043162543383	37.32741797398656 Angstrom	-780.7066704703875	152.03950737049746 Angstrom	-1134.0570972679297	45.44028183931206 Angstrom	-2551.1564066071232	184.6508644787628 Angstrom
