ID	redshift	EW(Ha) MAST	EW(Ha) JADES	EW(Hb) MAST	EW(Hb) JADES	EW([OIII]) MAST	EW([OIII]) JADES
10005113	5.820838	-623.3087280574607	-649.2374922295547	-136.70503733873193	-140.5956466938435	-769.688963884678	-708.7489787559487
