ID	redshift	EW(Ha) MAST	EW(Ha) unc MAST	EW(Ha) JADES	EW(Ha) unc JADES	EW(Hb) MAST	EW(Hb) unc MAST	EW(Hb) JADES	EW(Hb) unc JADES	EW([OIII]) MAST	EW([OIII]) unc MAST	EW([OIII]) JADES	EW([OIII]) unc JADES
19519	3.60450973158305	-461.6023426263619	7.314098501662795 Angstrom	-491.9529129758247	16.060957847619946 Angstrom	-57.799382304700835	3.6206187805015166 Angstrom	-100.54217581616408	9.691690260334507 Angstrom	-665.9025185098803	7.568815888007606 Angstrom	-802.6709634772785	16.303239191292327 Angstrom
