ID	redshift	EW(Ha) MAST	DEW(Ha) MAST	EW(Ha) JADES	DEW(Ha) JADES	EW(Hb) MAST	DEW(Hb) MAST	EW(Hb) JADES	DEW(Hb) JADES	EW([OIII]) MAST	EW([OIII]) unc MAST	EW([OIII]) JADES	EW([OIII]) unc JADES	Ha_ini	Ha_end	Hb_ini	Hb_end	[OIII]_ini	[OIII]_end
19519	3.60450973158305	-468.75869030578485	15.469264130234682	-469.9315384105411	17.09910497322665	-56.221850614045195	6.1486807652485345	-96.25691453992923	14.092818685383184	-676.0062321708859	12.193265362380512	-824.1404611858698	22.422434482476	6495.0	6629.0	4792.0	4901.0	4910.0	5079.0
