ID	redshift	EW(Ha) MAST	EW(Ha) unc MAST	EW(Ha) JADES	EW(Ha) unc JADES	EW(Hb) MAST	EW(Hb) unc MAST	EW(Hb) JADES	EW(Hb) unc JADES	EW([OIII]) MAST	EW([OIII]) unc MAST	EW([OIII]) JADES	EW([OIII]) unc JADES
19519	3.60450973158305	-295.00435431061317	3.139072170721263 Angstrom	-392.22382996593944	7.747505206331307 Angstrom	-57.799382304700835	3.6206187805015166 Angstrom	-86.41534131466554	7.404335841072047 Angstrom	-665.9025185098803	7.568815888007606 Angstrom	-734.7878614700726	13.702812489866005 Angstrom
