ID	redshift	EW(Ha) MAST	DEW(Ha) MAST	EW(Ha) JADES	DEW(Ha) JADES	EW(Hb) MAST	DEW(Hb) MAST	EW(Hb) JADES	DEW(Hb) JADES	EW([OIII]) MAST	EW([OIII]) unc MAST	EW([OIII]) JADES	EW([OIII]) unc JADES	Ha_ini	Ha_end	Hb_ini	Hb_end	[OIII]_ini	[OIII]_end
17777	4.13366013096712	-224.0295120075931	13.47010310157759	-230.3118474260811	23.91255683104099	-24.41990106019175	12.065810985760221	-28.564842966723155	19.72426144211438	-365.9332505589574	27.57154597660376	-371.6024418011074	34.76380242917723	6494.0	6609.0	4793.0	4899.0	4916.0	5098.0
