ID	redshift	EW(Ha) MAST	EW(Ha) unc MAST	EW(Ha) JADES	EW(Ha) unc JADES	EW(Hb) MAST	EW(Hb) unc MAST	EW(Hb) JADES	EW(Hb) unc JADES	EW([OIII]) MAST	EW([OIII]) unc MAST	EW([OIII]) JADES	EW([OIII]) unc JADES
17777	4.13366013096712	-201.61234780092218	12.899085320717118 Angstrom	-196.15323642485	28.505720239537904 Angstrom	-23.489126881672185	10.234198888578362 Angstrom	-27.924407264143092	21.0278911177905 Angstrom	-371.54947558947265	24.712207099007365 Angstrom	-374.0044253351396	38.13155114943772 Angstrom
