ID	redshift	EW(Ha) MAST	EW(Ha) JADES	EW(Hb) MAST	EW(Hb) JADES	EW([OIII]) MAST	EW([OIII]) JADES
22251	5.79838391626917	-442.78384293151424	-449.24678493900046	-50.940211166039134	-50.51682113995445	-792.4915501821866	-798.5364442991932
