ID	redshift	EW(Ha) MAST	EW(Ha) unc MAST	EW(Ha) JADES	EW(Ha) unc JADES	EW(Hb) MAST	EW(Hb) unc MAST	EW(Hb) JADES	EW(Hb) unc JADES	EW([OIII]) MAST	EW([OIII]) unc MAST	EW([OIII]) JADES	EW([OIII]) unc JADES
22251	5.79838391626917	-400.92384565956445	7.55190656899093 Angstrom	-358.7507438672855	11.824575951232312 Angstrom	-169.61854295501143	13.631747717976298 Angstrom	-194.2310460795099	20.445213337679306 Angstrom	-1531.956642495603	26.733340365060098 Angstrom	-1646.9932511437942	39.73732354542207 Angstrom
