ID	redshift	EW(Ha) MAST	DEW(Ha) MAST	EW(Ha) JADES	DEW(Ha) JADES	EW(Hb) MAST	DEW(Hb) MAST	EW(Hb) JADES	DEW(Hb) JADES	EW([OIII]) MAST	EW([OIII]) unc MAST	EW([OIII]) JADES	EW([OIII]) unc JADES	Ha_ini	Ha_end	Hb_ini	Hb_end	[OIII]_ini	[OIII]_end
22251	5.79838391626917	-902.563588001906	31.74153722738125	-1003.1741261765769	52.49369043422922	-178.72330236441158	33.155087371662816	-172.17277936634684	33.36760726200637	-1711.9947469266497	52.85143738628877	-1639.495575043342	56.94735956747925	6504.0	6605.0	4820.0	4896.0	4913.0	5041.0
