ID	redshift	EW(Ha) MAST	EW(Ha) unc MAST	EW(Ha) JADES	EW(Ha) unc JADES	EW(Hb) MAST	EW(Hb) unc MAST	EW(Hb) JADES	EW(Hb) unc JADES	EW([OIII]) MAST	EW([OIII]) unc MAST	EW([OIII]) JADES	EW([OIII]) unc JADES
22251	5.79838391626917	-845.9200798911529	29.925477275033884 Angstrom	-1123.3290116466667	61.51580761904493 Angstrom	-194.59179537105095	17.16099170869024 Angstrom	-185.40562230046487	19.459241231641027 Angstrom	-1623.1805295351896	30.88534392292813 Angstrom	-1513.1475579669775	37.30910702653626 Angstrom
