ID	redshift	EW(Ha) MAST	DEW(Ha) MAST	EW(Ha) JADES	DEW(Ha) JADES	EW(Hb) MAST	DEW(Hb) MAST	EW(Hb) JADES	DEW(Hb) JADES	EW([OIII]) MAST	EW([OIII]) unc MAST	EW([OIII]) JADES	EW([OIII]) unc JADES	Ha_ini	Ha_end	Hb_ini	Hb_end	[OIII]_ini	[OIII]_end
10013620	5.91753186734937	-332.4969018838585	25.12906104965397	-409.3377183909297	28.978230406214152	-73.39599622673698	15.391329515187046	-68.91711932674843	20.101592805963506	-529.6440919315336	29.821492771828165	-563.9489164843162	48.874522390582726	6535.0	6595.0	4820.0	4898.0	4906.0	5078.0
