ID	redshift	EW(Ha) MAST	EW(Ha) unc MAST	EW(Ha) JADES	EW(Ha) unc JADES	EW(Hb) MAST	EW(Hb) unc MAST	EW(Hb) JADES	EW(Hb) unc JADES	EW([OIII]) MAST	EW([OIII]) unc MAST	EW([OIII]) JADES	EW([OIII]) unc JADES
10013620	5.91753186734937	-295.9952564638144	18.011037283759183 Angstrom	-346.718248834987	30.642151008873135 Angstrom	-73.8658777195815	10.618116162345887 Angstrom	-73.15066787267492	15.363682675038657 Angstrom	-528.0370605905057	22.41260217106675 Angstrom	-544.1502047703132	38.396356807588916 Angstrom
