ID	redshift	EW(Ha) MAST	EW(Ha) unc MAST	EW(Ha) JADES	EW(Ha) unc JADES	EW(Hb) MAST	EW(Hb) unc MAST	EW(Hb) JADES	EW(Hb) unc JADES	EW([OIII]) MAST	EW([OIII]) unc MAST	EW([OIII]) JADES	EW([OIII]) unc JADES
5329	3.5873007444784	-49.722984384686576	4.646873105403926 Angstrom	-40.79921006275089	6.385318902702934 Angstrom	-7.535097269933487	3.0492585848046243 Angstrom	-7.6506955768886264	3.6934912363292844 Angstrom	-53.67137227998773	6.206470499884712 Angstrom	-44.87895407962846	10.696066722699952 Angstrom
