ID	redshift	EW(Ha) MAST	DEW(Ha) MAST	EW(Ha) JADES	DEW(Ha) JADES	EW(Hb) MAST	DEW(Hb) MAST	EW(Hb) JADES	DEW(Hb) JADES	EW([OIII]) MAST	EW([OIII]) unc MAST	EW([OIII]) JADES	EW([OIII]) unc JADES	Ha_ini	Ha_end	Hb_ini	Hb_end	[OIII]_ini	[OIII]_end
5329	3.5873007444784	-54.35484330675427	4.951318005459255	-44.530782935051434	5.151643451964317	-7.492335746833025	2.8396152106011505	-7.526650266629136	2.414482619116313	-53.766892146025796	5.62914788594863	-45.38023374348307	8.331160289705476	6513.0	6600.0	4829.0	4896.0	4919.0	5054.0
