ID	redshift	EW(Ha) MAST	EW(Ha) unc MAST	EW(Ha) JADES	EW(Ha) unc JADES	EW(Hb) MAST	EW(Hb) unc MAST	EW(Hb) JADES	EW(Hb) unc JADES	EW([OIII]) MAST	EW([OIII]) unc MAST	EW([OIII]) JADES	EW([OIII]) unc JADES
16745	5.56655234405774	-501.41821890066547	27.484763319028254 Angstrom	-439.93747126255846	30.450683964459305 Angstrom	-70.68791486665707	4.038400224338224 Angstrom	-69.45035141306363	8.471041498595563 Angstrom	-697.5425724462652	11.018273992756502 Angstrom	-705.5167361370903	22.24066389806907 Angstrom
