ID	redshift	EW(Ha) MAST	DEW(Ha) MAST	EW(Ha) JADES	DEW(Ha) JADES	EW(Hb) MAST	DEW(Hb) MAST	EW(Hb) JADES	DEW(Hb) JADES	EW([OIII]) MAST	EW([OIII]) unc MAST	EW([OIII]) JADES	EW([OIII]) unc JADES	Ha_ini	Ha_end	Hb_ini	Hb_end	[OIII]_ini	[OIII]_end
16745	5.56655234405774	-483.7082232726326	31.44435271230759	-444.29958660064136	33.143467828271	-68.29711088185141	7.643654409780443	-66.64011925620576	10.587546363175994	-712.0949681534241	17.789411707288544	-718.2801473358455	24.64980694243571	6522.0	6637.0	4838.0	4897.0	4916.0	5067.0
