ID	redshift	EW(Ha) MAST	DEW(Ha) MAST	EW(Ha) JADES	DEW(Ha) JADES	EW(Hb) MAST	DEW(Hb) MAST	EW(Hb) JADES	DEW(Hb) JADES	EW([OIII]) MAST	EW([OIII]) unc MAST	EW([OIII]) JADES	EW([OIII]) unc JADES	Ha_ini	Ha_end	Hb_ini	Hb_end	[OIII]_ini	[OIII]_end
10013905	7.197212					-687.4002215194708	139.5393434783719	-476.7989959006403	155.59426886749466	-3471.9814179208697	220.57175242651698	-2983.9171339338545	224.94721542788824	6470.0	6624.0	4820.0	4902.0	4923.0	5044.0
