ID	redshift	EW(Ha) MAST	DEW(Ha) MAST	EW(Ha) JADES	DEW(Ha) JADES	EW(Hb) MAST	DEW(Hb) MAST	EW(Hb) JADES	DEW(Hb) JADES	EW([OIII]) MAST	EW([OIII]) unc MAST	EW([OIII]) JADES	EW([OIII]) unc JADES	Ha_ini	Ha_end	Hb_ini	Hb_end	[OIII]_ini	[OIII]_end
9743	5.44012039584156	-1183.7093790931078	123.20874333382365	-983.6817812027692	128.12983898322443	-231.5226285823103	124.19751307255461	-497.6644590271739	172.63123824322864	-1984.968469706979	183.5902427193426	-2886.061345079419	293.5533902727045	6537.0	6639.0	4788.0	4896.0	4913.0	5087.0
