ID	redshift	EW(Ha) MAST	EW(Ha) unc MAST	EW(Ha) JADES	EW(Ha) unc JADES	EW(Hb) MAST	EW(Hb) unc MAST	EW(Hb) JADES	EW(Hb) unc JADES	EW([OIII]) MAST	EW([OIII]) unc MAST	EW([OIII]) JADES	EW([OIII]) unc JADES
9743	5.44012039584156	-1092.4316626802013	159.62725369731248 Angstrom	-890.3522487008229	222.37037904696479 Angstrom	-173.06894908445	60.16762289552938 Angstrom	-266.4767741232174	111.51811579419346 Angstrom	-1383.0003307875568	154.1859026807526 Angstrom	-1783.1063915792065	309.9249890545064 Angstrom
