ID	redshift	EW(Ha) MAST	EW(Ha) unc MAST	EW(Ha) JADES	EW(Ha) unc JADES	EW(Hb) MAST	EW(Hb) unc MAST	EW(Hb) JADES	EW(Hb) unc JADES	EW([OIII]) MAST	EW([OIII]) unc MAST	EW([OIII]) JADES	EW([OIII]) unc JADES
9743	5.44012039584156	-1123.9435671950405	123.83871588415566 Angstrom	-1004.1444602414957	200.71198172130866 Angstrom	-229.22613007478267	112.67501717108212 Angstrom	-444.86478491120374	209.3880868336468 Angstrom	-1995.8983345658608	183.97039414917722 Angstrom	-3280.449550906135	461.82331658907333 Angstrom
