ID	redshift	EW(Ha) MAST	DEW(Ha) MAST	EW(Ha) JADES	DEW(Ha) JADES	EW(Hb) MAST	DEW(Hb) MAST	EW(Hb) JADES	DEW(Hb) JADES	EW([OIII]) MAST	EW([OIII]) unc MAST	EW([OIII]) JADES	EW([OIII]) unc JADES	Ha_ini	Ha_end	Hb_ini	Hb_end	[OIII]_ini	[OIII]_end
10001892	4.770522	-425.7849212092313	120.32957526786574	-442.70482229622957	139.89121332498823	-89.15286814266005	73.64246764368893	-90.49752697005387	74.79053705275759	-231.21963838113228	74.77566704328568	-230.29560722168196	108.15137524022195	6516.0	6595.0	4829.0	4905.0	4932.0	5027.0
