ID	redshift	EW(Ha) MAST	EW(Ha) unc MAST	EW(Ha) JADES	EW(Ha) unc JADES	EW(Hb) MAST	EW(Hb) unc MAST	EW(Hb) JADES	EW(Hb) unc JADES	EW([OIII]) MAST	EW([OIII]) unc MAST	EW([OIII]) JADES	EW([OIII]) unc JADES
10001892	4.770522	-220.24182250639694	70.90834968849242 Angstrom	-295.4798771243058	119.89753541845614 Angstrom	-92.59862755233331	59.871269803597045 Angstrom	-95.55918085314772	79.591741077447 Angstrom	-223.89970242416473	64.6109717914248 Angstrom	-218.5704184488405	114.51491848774278 Angstrom
