ID	redshift	EW(Ha) MAST	EW(Ha) unc MAST	EW(Ha) JADES	EW(Ha) unc JADES	EW(Hb) MAST	EW(Hb) unc MAST	EW(Hb) JADES	EW(Hb) unc JADES	EW([OIII]) MAST	EW([OIII]) unc MAST	EW([OIII]) JADES	EW([OIII]) unc JADES
10001892	4.770522	-163.42763307602627	79.85561673569076 Angstrom	-146.86334017946967	123.15638284625989 Angstrom	-69.72619118729202	30.21687940717772 Angstrom	-53.448534369713755	43.925036814957245 Angstrom	-216.58693090419166	80.01546353380272 Angstrom	-195.90087031837197	106.3639724469332 Angstrom
